epoch,time,memory_gpu,val_loss,jaccard_old,f1_old,Dice,DiceLabel,F1,F1Label,Jaccard,JaccardLabel,Crossentropy,train_loss
1,18.024957180023193,128779264,1.3120700518290203,0.07819982121388118,0.1937456578016281,0.00970959011465311,5.70034620371492e-05,0.5883150895436605,0.5883150895436605,0.15251295268535614,0.15251295268535614,1.3668982982635498,1.2260246385227551
2,35.982977867126465,128779264,0.9340729117393494,0.12877817700306574,0.2359556903441747,0.01081860437989235,6.351431269043435e-05,0.8337357640266418,0.8337357640266418,0.2134218861659368,0.2134218861659368,1.1886571645736694,0.9057175842198458
3,53.9939980506897,128779264,0.7817500631014506,0.13017562528451285,0.2437023719151815,0.0004230963240843266,2.483931382357696e-06,0.9485896825790405,0.9485896825790405,0.23730758825937906,0.23730758825937906,1.1764283180236816,0.7128421393307772
4,71.97748899459839,128779264,0.7073205908139547,0.13873891532421112,0.24416386087735495,0.0,0.0,0.954392691453298,0.954392691453298,0.23859816789627075,0.23859816789627075,1.1417235533396404,0.582548054781827
5,89.97063422203064,128779264,0.5244026283423106,0.1679911861817042,0.24354683856169382,0.0,0.0,0.9497500459353129,0.9497500459353129,0.23743750154972076,0.23743750154972076,1.044059952100118,0.492655485868454
6,107.88246655464172,128779264,0.4019723137219747,0.18805495897928873,0.2444376746813456,0.0,0.0,0.9565040270487467,0.9565040270487467,0.23912599682807922,0.23912599682807922,0.9734399914741516,0.41570431806824426
7,125.80712604522705,128779264,0.33559192220369977,0.2050242324670156,0.24372060596942902,0.0,0.0,0.95103786389033,0.95103786389033,0.23775946100552878,0.23775946100552878,0.9188696344693502,0.3666771352291107
8,143.64128279685974,128779264,0.3905310829480489,0.19806809226671854,0.2431615044673284,0.0,0.0,0.9468211730321249,0.9468211730321249,0.23670528829097748,0.23670528829097748,0.9551801284154257,0.3255475027994676
9,161.62849187850952,128779264,0.27998050550619763,0.2153802365064621,0.24457899729410806,0.0,0.0,0.9576039711634318,0.9576039711634318,0.23940098782380423,0.23940098782380423,0.8910966316858927,0.283799484372139
10,179.65506625175476,128779264,0.24218824009100595,0.23215722541014353,0.2443939447402954,0.0,0.0,0.9561750690142313,0.9561750690142313,0.23904375731945038,0.23904375731945038,0.8632641633351644,0.2651799145069989
11,197.5257375240326,128779264,0.2417416274547577,0.24097652236620584,0.2431593785683314,0.0,0.0,0.9467866619427999,0.9467866619427999,0.23669666051864624,0.23669666051864624,0.8573688069979349,0.23902989788488907
12,215.3141269683838,128779264,0.3737150927384694,0.20087148249149323,0.2520296076933543,0.008773475148094198,5.150768204960817e-05,0.964065432548523,0.964065432548523,0.2444156954685847,0.2444156954685847,0.9525759617487589,0.22339862855997952
13,233.19347548484802,128779264,0.21759894986947378,0.23289080957571665,0.24556278685728708,3.298563873007273e-05,1.936534440953134e-07,0.9649791320164999,0.9649791320164999,0.24125847717126211,0.24125847717126211,0.8630001942316691,0.2038241665471684
14,250.99627542495728,128779264,0.38204283515612286,0.21578538914521536,0.2941189110279083,0.06773428122202556,0.00039765721885487437,0.9453465938568115,0.9453465938568115,0.2638867199420929,0.2638867199420929,0.9447713494300842,0.19182185693220657
15,268.89619517326355,128779264,0.19485404094060263,0.25760871171951294,0.27155474821726483,0.036441644032796226,0.0002139431113998095,0.9526305794715881,0.9526305794715881,0.25337126354376477,0.25337126354376477,0.8346741199493408,0.17545759271491657
16,286.7973937988281,128779264,0.17655939360459647,0.27489052216211957,0.366135577360789,0.1603655070066452,0.000941480432326595,0.9549451073010763,0.9549451073010763,0.32110974192619324,0.32110974192619324,0.8383341630299886,0.16351902213963596
17,304.7356331348419,128779264,0.15389205515384674,0.28083041310310364,0.34184107184410095,0.12763948738574982,0.0007493511657230556,0.9601304531097412,0.9601304531097412,0.3012400070826213,0.3012400070826213,0.817709763844808,0.1557940115982836
18,322.7262952327728,128779264,0.14242119590441385,0.2854987482229869,0.430258830388387,0.24460335075855255,0.0014360275041932862,0.9636512796084086,0.9636512796084086,0.35405389467875165,0.35405389467875165,0.8163220087687174,0.15252158723094247
19,340.49353981018066,128779264,0.2118241935968399,0.26189808050791424,0.29204098383585614,0.06413010507822037,0.00037649764756982523,0.9472723205884298,0.9472723205884298,0.264796515305837,0.264796515305837,0.8192187945048014,0.14753249084407632
20,358.283739566803,128779264,0.19912898540496826,0.2511436194181442,0.2584550082683563,0.01882004179060459,0.00011048947878104325,0.9544421037038168,0.9544421037038168,0.24617542823155722,0.24617542823155722,0.812891681989034,0.13311990079554645
21,376.2002365589142,128779264,0.13433951636155447,0.30027198791503906,0.36790985862414044,0.16177544494469961,0.0009497579885646701,0.9639740983645121,0.9639740983645121,0.31510257720947266,0.31510257720947266,0.7958948810895284,0.1264714686708017
22,394.1322274208069,128779264,0.12816701084375381,0.3126948078473409,0.4977737267812093,0.3345770637194316,0.0019642488720516362,0.9669519861539205,0.9669519861539205,0.41255874435106915,0.41255874435106915,0.8079119523366293,0.1252530738711357
23,411.90901231765747,128779264,0.24538293977578482,0.24134312073389688,0.24774019916852316,0.00558764393281308,3.2804170293350886e-05,0.9497733314832052,0.9497733314832052,0.23958881199359894,0.23958881199359894,0.808214008808136,0.11224350400946358
24,429.82335019111633,128779264,0.12086244424184163,0.33139026165008545,0.45916656653086346,0.2830864091714223,0.0016619553789496422,0.9668519496917725,0.9668519496917725,0.3742586572964986,0.3742586572964986,0.7898972630500793,0.11473229053345593
25,447.6169674396515,128779264,0.23381726443767548,0.3009633421897888,0.5394336779912313,0.39653592308362323,0.002327999488140146,0.9262723724047343,0.9262723724047343,0.421201487382253,0.421201487382253,0.8587053219477335,0.10805897414684296
26,465.4221625328064,128779264,0.3136855711539586,0.2645098716020584,0.3450780113538106,0.1406765952706337,0.0008258899518599113,0.8962933818499247,0.8962933818499247,0.2873912453651428,0.2873912453651428,0.8652851581573486,0.10229901969432831
27,483.2279226779938,128779264,0.15500199298063913,0.34645705421765643,0.5234132607777914,0.37090251843134564,0.0021775097120553255,0.9585816661516825,0.9585816661516825,0.41810550292332965,0.41810550292332965,0.7989920179049174,0.09685867753895847
28,501.1564829349518,128779264,0.09763987610737483,0.39630815386772156,0.7017598152160645,0.6054825584093729,0.0035546921038379273,0.9735422134399414,0.9735422134399414,0.5752895077069601,0.5752895077069601,0.7936234474182129,0.08304475247859955
29,519.081472158432,128779264,0.09517919520537059,0.42012940843900043,0.6452139814694723,0.5297754804293314,0.0031102277183284364,0.9705541928609213,0.9705541928609213,0.5230849782625834,0.5230849782625834,0.788554310798645,0.08250473236495798
30,536.9259855747223,128779264,0.2161855697631836,0.2670856813589732,0.3105144103368123,0.08788150424758594,0.0005159383775511136,0.9570900797843933,0.9570900797843933,0.27477459112803143,0.27477459112803143,0.7962396542231241,0.07808000255714763
31,554.8466649055481,128779264,0.07647233953078587,0.454502801100413,0.7508051792780558,0.6704992254575094,0.003936394505823652,0.9780595501263937,0.9780595501263937,0.6252570549647013,0.6252570549647013,0.7809040745099386,0.07705809243700722
32,572.6531901359558,128779264,0.10859017570813496,0.39044426878293353,0.60698934396108,0.4804346263408661,0.002820555275926987,0.9712488849957784,0.9712488849957784,0.4874451657136281,0.4874451657136281,0.7831145723660787,0.06631596454165199
33,590.4286186695099,128779264,0.2703762501478195,0.2888333300749461,0.40184465050697327,0.2171436200539271,0.0012748157605528831,0.898341715335846,0.898341715335846,0.3237585922082265,0.3237585922082265,0.857747753461202,0.06143203953450376
34,608.2303807735443,128779264,0.1549984018007914,0.352502981821696,0.5110981861750284,0.3545114000638326,0.002081280069736143,0.9600266218185425,0.9600266218185425,0.40489432215690613,0.40489432215690613,0.7921486496925354,0.05797016485170885
35,626.1138739585876,128779264,0.05006687343120575,0.5029379526774088,0.8163039684295654,0.7567261258761088,0.004442619004597266,0.9884438316027323,0.9884438316027323,0.7061572273572286,0.7061572273572286,0.7676596641540527,0.052041845226829704
36,643.8911657333374,128779264,0.05221946910023689,0.5199657877286276,0.7535562912623087,0.6727180480957031,0.003949420837064584,0.9861773053805033,0.9861773053805033,0.6434700687726339,0.6434700687726339,0.768089751402537,0.0475907332517884
37,661.6907217502594,128779264,0.05888180062174797,0.5623625715573629,0.8349809845288595,0.7822072505950928,0.004592214400569598,0.9837848941485087,0.9837848941485087,0.7293712298075358,0.7293712298075358,0.7714703877766927,0.050790395249019966
38,679.6084780693054,128779264,0.03815293374160925,0.5404176314671835,0.8494714101155599,0.8004059394200643,0.004699055881549914,0.991239865620931,0.991239865620931,0.7500672936439514,0.7500672936439514,0.7632750074068705,0.04939032346010208
39,697.5224854946136,128779264,0.036659080535173416,0.5900772412618002,0.8719286521275839,0.8302880128224691,0.004874489114930232,0.991297205289205,0.991297205289205,0.7819122870763143,0.7819122870763143,0.7627519965171814,0.042614587328650734
40,715.30646443367,128779264,0.04360521708925565,0.6221672495206197,0.8595948417981466,0.8144120176633199,0.004781283903867006,0.9881153305371603,0.9881153305371603,0.7677705685297648,0.7677705685297648,0.7645831108093262,0.0390476289797913
41,733.1001462936401,128779264,0.040409330278635025,0.6225173672040304,0.8726310729980469,0.8315529028574625,0.004881915481140216,0.9887280662854513,0.9887280662854513,0.7823742032051086,0.7823742032051086,0.7642592986424764,0.03712117502635175
42,750.8721895217896,128779264,0.0480632446706295,0.5622912844022115,0.7960959672927856,0.730070432027181,0.0042861274754007654,0.9869906306266785,0.9869906306266785,0.6892185012499491,0.6892185012499491,0.7629489501317342,0.03516674414277077
43,768.8482434749603,128779264,0.0339500792324543,0.6509278217951456,0.8948192795117696,0.8609177271525065,0.005054311205943425,0.9914540847142538,0.9914540847142538,0.8171180089314779,0.8171180089314779,0.7601268490155538,0.03182978335429321
44,786.6403481960297,128779264,0.034127842634916306,0.6533866127332052,0.8838119904200236,0.8462594151496887,0.00496825451652209,0.9912145535151163,0.9912145535151163,0.7998501857121786,0.7998501857121786,0.7590891122817993,0.03136066194962372
45,804.4133434295654,128779264,0.034133867671092354,0.6561506191889445,0.8838737408320109,0.846296230951945,0.004968471049020688,0.99083411693573,0.99083411693573,0.8000053564707438,0.8000053564707438,0.7597117821375529,0.028994810682806103
46,822.1795220375061,128779264,0.03829562167326609,0.6412450671195984,0.8959927558898926,0.8626008828481039,0.005064192848900954,0.9905352393786112,0.9905352393786112,0.8176412383715311,0.8176412383715311,0.7639672756195068,0.031038964505900036
47,840.1055705547333,128779264,0.03187029746671518,0.6714040040969849,0.8919594883918762,0.8570373058319092,0.005031530124445756,0.9914047122001648,0.9914047122001648,0.8121887644131979,0.8121887644131979,0.75875324010849,0.02973544275896116
48,857.8979825973511,128779264,0.03227179807921251,0.6592150727907816,0.8942883014678955,0.8601872523625692,0.005050022931148608,0.9910035729408264,0.9910035729408264,0.814723551273346,0.814723551273346,0.7608035008112589,0.027232554825869473
49,875.8811247348785,128779264,0.030519242708881695,0.725923478603363,0.9160112937291464,0.889034628868103,0.0052193813025951385,0.9915351271629333,0.9915351271629333,0.8498309254646301,0.8498309254646301,0.7585350672403971,0.02574648013846441
50,893.7428929805756,128779264,0.03104006064434846,0.6747174064318339,0.8838056723276774,0.8461432655652364,0.004967572788397471,0.9911560217539469,0.9911560217539469,0.799717644850413,0.799717644850413,0.7583069403966268,0.02569372376257723
51,911.7307529449463,128779264,0.028549121071894962,0.670414924621582,0.8928847312927246,0.8581501245498657,0.005038063041865826,0.9920215606689453,0.9920215606689453,0.8136171301205953,0.8136171301205953,0.7578642765680949,0.024860121309757233
52,929.7592833042145,128779264,0.02507772482931614,0.7048466801643372,0.9148280024528503,0.887265165646871,0.00520899286493659,0.9932843049367269,0.9932843049367269,0.8478114406267802,0.8478114406267802,0.7563630938529968,0.02392260797999122
53,947.6140687465668,128779264,0.026327359800537426,0.7021162708600363,0.9031191865603129,0.8717676202456156,0.00511800932387511,0.9922798673311869,0.9922798673311869,0.8298990925153097,0.8298990925153097,0.7571863134702047,0.022799251770431347
54,965.5145628452301,128779264,0.02561227356394132,0.7359082301457723,0.9225596984227499,0.8975808024406433,0.005269554288436969,0.9928553899129232,0.9928553899129232,0.8600313067436218,0.8600313067436218,0.7565059860547384,0.023026232015002857
55,983.4870357513428,128779264,0.02457224701841672,0.6887945930163065,0.8824460903803507,0.844019373257955,0.004955103776107232,0.9927781621615092,0.9927781621615092,0.8014347751935323,0.8014347751935323,0.7554245392481486,0.022944948720661076
56,1001.367103099823,128779264,0.02777286556859811,0.7334397236506144,0.9139976898829142,0.8862439393997192,0.005202997786303361,0.9919772346814474,0.9919772346814474,0.8463326295216879,0.8463326295216879,0.7569413185119629,0.02163908224214207
57,1019.3304052352905,128779264,0.029339967916409176,0.7188225189844767,0.9035201867421468,0.8724380135536194,0.005121945093075435,0.9916762113571167,0.9916762113571167,0.8300020694732666,0.8300020694732666,0.756590723991394,0.02218698439272967
58,1037.3412034511566,128779264,0.023576955621441204,0.6876628200213114,0.8886558810869852,0.8522913853327433,0.005003667591760556,0.9936397075653076,0.9936397075653076,0.8097966909408569,0.8097966909408569,0.7542328238487244,0.021063772961497307
59,1055.2556068897247,128779264,0.02399684675037861,0.7466425100962321,0.9190759261449178,0.8929221630096436,0.005242204138388236,0.9929858048756918,0.9929858048756918,0.8547964890797933,0.8547964890797933,0.7555168668429056,0.020704530687494713
60,1073.0937139987946,128779264,0.028244650612274807,0.6842013796170553,0.8815833727518717,0.842998743057251,0.004949112112323443,0.9920239845911661,0.9920239845911661,0.797111968199412,0.797111968199412,0.7557916641235352,0.021683229133486748
61,1090.9646050930023,128779264,0.030541860808928806,0.6695391535758972,0.8739996949831644,0.8332220911979675,0.004891715012490749,0.9914143085479736,0.9914143085479736,0.7851133147875468,0.7851133147875468,0.7562065521876017,0.021965257315473122
62,1108.7551050186157,128779264,0.024653273945053417,0.7125812371571859,0.8888207872708639,0.8525031208992004,0.0050049104417363805,0.9925613204638163,0.9925613204638163,0.8087776104609171,0.8087776104609171,0.7550558050473531,0.02042990702797066
63,1126.6939935684204,128779264,0.02345149777829647,0.7436023950576782,0.9169004559516907,0.8900538086891174,0.005225364739696185,0.9933218955993652,0.9933218955993652,0.8512051701545715,0.8512051701545715,0.7544286449750265,0.020337265492840248
64,1144.4969663619995,128779264,0.025852050632238388,0.6841084361076355,0.868760883808136,0.8259304761886597,0.004848906770348549,0.9924367268880209,0.9924367268880209,0.7815283338228861,0.7815283338228861,0.7548455198605856,0.01960868879475377
65,1162.4202020168304,128779264,0.018776910379529,0.759272833665212,0.9218724171320597,0.8964809775352478,0.00526309742902716,0.9944619337717692,0.9944619337717692,0.8600338896115621,0.8600338896115621,0.7527893384297689,0.01913718278096481
66,1180.2465238571167,128779264,0.02790558896958828,0.7369916836420695,0.9013721545537313,0.8696084022521973,0.005105332937091589,0.9916347066561381,0.9916347066561381,0.8274883230527242,0.8274883230527242,0.7555872599283854,0.018017519011416218
67,1198.0696966648102,128779264,0.044927349934975304,0.6756176551183065,0.8692057331403097,0.8274958729743958,0.004858096906294425,0.9867892464001974,0.9867892464001974,0.7768479188283285,0.7768479188283285,0.7610874772071838,0.019018472426316956
68,1215.8838839530945,128779264,0.025350769981741905,0.7476831475893656,0.9076180458068848,0.8777318994204203,0.005153024724374215,0.9922948479652405,0.9922948479652405,0.8378366430600485,0.8378366430600485,0.7550225257873535,0.01763874012976885
69,1233.6868407726288,128779264,0.02252279967069626,0.7361016869544983,0.9033335447311401,0.8718617757161459,0.005118562063823144,0.9936780333518982,0.9936780333518982,0.8303992748260498,0.8303992748260498,0.7533678611119589,0.01767627988010645
70,1251.6155939102173,128779264,0.018466816594203312,0.7699118256568909,0.9288803935050964,0.9058032830556234,0.005317827376226584,0.994802196820577,0.994802196820577,0.8708185950915018,0.8708185950915018,0.7522966464360555,0.0171611343764446
71,1269.4114146232605,128779264,0.021664942304293316,0.7834427754084269,0.9263975222905477,0.9026752312978109,0.005299463092039029,0.9934800465901693,0.9934800465901693,0.8668490052223206,0.8668490052223206,0.7534525195757548,0.0168627348982475
72,1287.296911239624,128779264,0.016868653396765392,0.7744088172912598,0.9253908395767212,0.9011116027832031,0.005290283045421044,0.9951878786087036,0.9951878786087036,0.8654147982597351,0.8654147982597351,0.7513145009676615,0.016189850528131832
73,1305.0854437351227,128779264,0.020915407066543896,0.7595731616020203,0.9107020497322083,0.8815954526265463,0.005175706930458546,0.9936414162317911,0.9936414162317911,0.8419040441513062,0.8419040441513062,0.7531109054883321,0.015947062606838616
74,1322.9083416461945,128779264,0.020030679802099865,0.7701260248819987,0.9234092434247335,0.8986585934956869,0.005275882004449765,0.9938013156255087,0.9938013156255087,0.8618505398432413,0.8618505398432413,0.7530443072319031,0.016287967562675476
75,1340.72372508049,128779264,0.018210358296831448,0.77019735177358,0.9222981731096903,0.8970520695050558,0.0052664501902957754,0.9944840470949808,0.9944840470949808,0.8604979117711385,0.8604979117711385,0.7521564563115438,0.01544324511831457
76,1358.5441913604736,128779264,0.02116120730837186,0.7684919834136963,0.9133339126904806,0.8852358857790629,0.005197079386562109,0.9930562774340311,0.9930562774340311,0.845763643582662,0.845763643582662,0.7532911698023478,0.015418454750695011
77,1376.4776582717896,128779264,0.015422223756710688,0.7881326675415039,0.9328130880991617,0.9109488129615784,0.00534803606569767,0.9953508178393046,0.9953508178393046,0.8773623506228129,0.8773623506228129,0.7511153817176819,0.015641155060042034
78,1394.3117063045502,128779264,0.020726508771379788,0.761799951394399,0.9051320354143778,0.8742069800694784,0.0051323304263254,0.9936979413032532,0.9936979413032532,0.8333873748779297,0.8333873748779297,0.7522528171539307,0.014525338414717804
79,1412.1320941448212,128779264,0.03436213731765747,0.6882929801940918,0.8670294483502706,0.8239708344141642,0.0048374019873638945,0.9884194533030192,0.9884194533030192,0.7761932214101156,0.7761932214101156,0.75894167025884,0.015731141733174973
80,1429.9304368495941,128779264,0.020370264848073322,0.7797545790672302,0.9219196240107218,0.8965623180071512,0.005263575042287509,0.9936867753664652,0.9936867753664652,0.8591190179189047,0.8591190179189047,0.7528488636016846,0.015303532423620874
81,1447.7370789051056,128779264,0.017105157176653545,0.7889664769172668,0.924719492594401,0.9002178311347961,0.005285036129256089,0.9946900407473246,0.9946900407473246,0.8642062743504842,0.8642062743504842,0.7514261404673258,0.014075831086798147
82,1465.5687415599823,128779264,0.028982119634747505,0.7266970872879028,0.8788278897603353,0.8391981522242228,0.0049267990204195184,0.9911973277727762,0.9911973277727762,0.7938816746075948,0.7938816746075948,0.7552829583485922,0.01543470404364846
83,1483.4074485301971,128779264,0.022233132272958755,0.7805963555971781,0.9215209086736044,0.8962512612342834,0.005261748718718688,0.9927946130434672,0.9927946130434672,0.858585258324941,0.858585258324941,0.7540297508239746,0.015957272611558437
84,1501.23779463768,128779264,0.017473328858613968,0.7921923796335856,0.9281828800837199,0.9048881928126017,0.005312454886734486,0.9946211576461792,0.9946211576461792,0.8706519405047098,0.8706519405047098,0.7518008748690287,0.01419796718453819
85,1519.0968234539032,128779264,0.017245801786581676,0.8115898966789246,0.9326228499412537,0.910833994547526,0.005347361632933219,0.9944062232971191,0.9944062232971191,0.877220869064331,0.877220869064331,0.7514678637186686,0.013998336074027147
86,1537.0062296390533,128779264,0.017019122838974,0.7901630401611328,0.9323330322901408,0.9103799859682719,0.005344696342945099,0.9951466917991638,0.9951466917991638,0.8766475915908813,0.8766475915908813,0.7514885067939758,0.014117796397344633
87,1554.898675918579,128779264,0.01780603143076102,0.8031139771143595,0.9302850763003031,0.9076525370279948,0.005328684269140164,0.9945054650306702,0.9945054650306702,0.8733232021331787,0.8733232021331787,0.7515210707982382,0.015403882685032759
88,1572.7471270561218,128779264,0.016532348779340584,0.8018038670221964,0.9305660724639893,0.9080114960670471,0.005330791386465232,0.9947362144788107,0.9947362144788107,0.8736007809638977,0.8736007809638977,0.751359740893046,0.013727801174602726
89,1590.674322128296,128779264,0.022339440261324246,0.7881057858467102,0.9208105405171713,0.8953019380569458,0.00525617552921176,0.9932025869687399,0.9932025869687399,0.858034630616506,0.858034630616506,0.7528296510378519,0.013525046154179356
90,1608.6220438480377,128779264,0.017804079378644627,0.8022785584131876,0.9302583535512289,0.9076603452364603,0.0053287299039463205,0.994092603524526,0.994092603524526,0.8730088671048483,0.8730088671048483,0.7520791093508402,0.012689429673958908
91,1626.544231891632,128779264,0.01591565180569887,0.8225840131441752,0.9368558526039124,0.9164111216862997,0.005380104295909405,0.9948807160059611,0.9948807160059611,0.8843398888905843,0.8843398888905843,0.7508075634638468,0.01221885887736624
92,1644.4950621128082,128779264,0.014596131630241871,0.8167452414830526,0.9373935063680013,0.9170526663462321,0.005383870719621579,0.995490312576294,0.995490312576294,0.8850626349449158,0.8850626349449158,0.7502740025520325,0.012534638020125303
93,1662.2852251529694,128779264,0.019212419788042705,0.8084460496902466,0.9282191793123881,0.9049541354179382,0.005312842161705096,0.9938535292943319,0.9938535292943319,0.869531253973643,0.869531253973643,0.7518462737401327,0.012034699066796085
94,1680.1065700054169,128779264,0.01696994776527087,0.817706823348999,0.9330899914105734,0.9114118417104086,0.005350754285852115,0.9946876168251038,0.9946876168251038,0.8777621785799662,0.8777621785799662,0.7508194843928019,0.012592760168693283
95,1698.0292928218842,128779264,0.014350714161992073,0.8125290870666504,0.9377907117207845,0.9175775845845541,0.005386952310800552,0.9957035978635153,0.9957035978635153,0.8855726718902588,0.8855726718902588,0.7498676975568136,0.012253522364930674
96,1715.860934495926,128779264,0.015174869447946548,0.8275977373123169,0.9410773913065592,0.9219852685928345,0.005412829263756673,0.9951607982317606,0.9951607982317606,0.8910870552062988,0.8910870552062988,0.750527580579122,0.01176813608882102
97,1733.6496295928955,128779264,0.016623678617179394,0.8148118257522583,0.9337320725123087,0.9122330943743387,0.0053555758980413275,0.99470188220342,0.99470188220342,0.879000167051951,0.879000167051951,0.7510994871457418,0.01212586716494777
98,1751.5072331428528,128779264,0.014948679755131403,0.8222620884577433,0.9380016326904297,0.917873740196228,0.0053886910900473595,0.9952306151390076,0.9952306151390076,0.8861807584762573,0.8861807584762573,0.750415047009786,0.012028709731318733
99,1769.4538810253143,128779264,0.01426099892705679,0.8119286497433981,0.925403892993927,0.9010362227757772,0.0052898408224185305,0.9953352212905884,0.9953352212905884,0.8659929831822714,0.8659929831822714,0.7499253551165262,0.011697345413267612
100,1787.2429432868958,128779264,0.015429685513178507,0.8179293870925903,0.9322414398193359,0.9102343519528707,0.005343841544042031,0.9948998292287191,0.9948998292287191,0.8763830661773682,0.8763830661773682,0.7505453030268351,0.011629859239540317
101,1805.0321822166443,128779264,0.017561205352346104,0.8001458644866943,0.9184770385424296,0.891841987768809,0.005235862918198109,0.9942141771316528,0.9942141771316528,0.8546260794003805,0.8546260794003805,0.751207172870636,0.010927854529158636
102,1822.8200476169586,128779264,0.01595785530904929,0.832541028658549,0.9403602282206217,0.9210763176282247,0.005407492940624555,0.995073676109314,0.995073676109314,0.8901328643163046,0.8901328643163046,0.7503873308499655,0.011341816407035698
103,1840.6156949996948,128779264,0.017681588418781757,0.8223468065261841,0.93523108959198,0.9142816265424093,0.0053676025321086245,0.9944951136906942,0.9944951136906942,0.8814558784166971,0.8814558784166971,0.751132865746816,0.011726870794187893
104,1858.4287548065186,128779264,0.01680479695399602,0.8197145064671835,0.9318328698476156,0.9097063740094503,0.005340741792072852,0.994432270526886,0.994432270526886,0.8761691053708395,0.8761691053708395,0.7510670820871989,0.011758920482613823
105,1876.2253577709198,128779264,0.021822664886713028,0.8106441299120585,0.9213928580284119,0.8959060907363892,0.005259722471237183,0.9933961033821106,0.9933961033821106,0.858686367670695,0.858686367670695,0.7518799503644308,0.010739520107480612
106,1894.053997516632,128779264,0.01743726742764314,0.8108447392781576,0.9300779700279236,0.9074881076812744,0.005327718642850717,0.9940940141677856,0.9940940141677856,0.8723934491475424,0.8723934491475424,0.7514831821123759,0.012334408577192913
107,1911.8722434043884,128779264,0.01857811212539673,0.810195525487264,0.9304413000742594,0.9079950849215189,0.005330694994578759,0.9940410653750101,0.9940410653750101,0.8733640313148499,0.8733640313148499,0.7516644398371378,0.012237090024758469
108,1929.7120325565338,128779264,0.017626971937716007,0.8124663432439169,0.9293732643127441,0.9065772294998169,0.005322371143847704,0.9938300649325053,0.9938300649325053,0.8714509208997091,0.8714509208997091,0.7517122824986776,0.011780054731802507
109,1947.5143730640411,128779264,0.015421479319532713,0.822988231976827,0.9362377524375916,0.9155679146448771,0.005375154005984466,0.9949004054069519,0.9949004054069519,0.8830628593762716,0.8830628593762716,0.7505761981010437,0.011332533576271751
110,1965.3147706985474,128779264,0.016420395113527775,0.8291001319885254,0.9372478326161703,0.9169050057729086,0.005383003813525041,0.9950943191846212,0.9950943191846212,0.8845119873682658,0.8845119873682658,0.7501264015833536,0.010877731002189896
111,1983.0717170238495,128779264,0.019076698149243992,0.8137211402257284,0.9240772128105164,0.8994626601537069,0.005280602412919204,0.9936602711677551,0.9936602711677551,0.8630965153376261,0.8630965153376261,0.751652737458547,0.010790482586757704
112,2000.9656841754913,128779264,0.014183172956109047,0.8248327175776163,0.9375133315722147,0.9171812931696574,0.005384625867009163,0.9956647157669067,0.9956647157669067,0.8852922717730204,0.8852922717730204,0.7496081590652466,0.01046648630025712
113,2018.8273305892944,128779264,0.015167250608404478,0.8296792308489481,0.9376153151194254,0.9173932274182638,0.00538586995874842,0.9950132966041565,0.9950132966041565,0.8854841192563375,0.8854841192563375,0.7504331469535828,0.010333548892628063
114,2036.6475286483765,128779264,0.015724829708536465,0.8282870650291443,0.9340891639391581,0.9127166668574015,0.005358414879689614,0.9950113693873087,0.9950113693873087,0.8796066045761108,0.8796066045761108,0.7501287261644999,0.009913146665150469
115,2054.4812371730804,128779264,0.017082449048757553,0.8342578212420145,0.9359163244565328,0.9152094920476278,0.005373049682627122,0.994509776433309,0.994509776433309,0.8825756112734476,0.8825756112734476,0.7505784829457601,0.010505857369439169
116,2072.3368859291077,128779264,0.01673285352687041,0.8426106174786886,0.9406322836875916,0.9214449127515157,0.005409656713406245,0.9947972496350607,0.9947972496350607,0.8905043999354044,0.8905043999354044,0.7503789265950521,0.01023976132273674
117,2090.10751080513,128779264,0.01639063097536564,0.7920122146606445,0.9075241486231486,0.8771925965944926,0.005149858382840951,0.9947090744972229,0.9947090744972229,0.8381805419921875,0.8381805419921875,0.7502201199531555,0.01082305195318027
118,2107.862456560135,128779264,0.017136798861126106,0.8256725072860718,0.9348702232042948,0.9138423204421997,0.005365023544679086,0.9943575064341227,0.9943575064341227,0.8806485335032145,0.8806485335032145,0.7510552803675333,0.01129133017225699
119,2125.6657478809357,128779264,0.01707797000805537,0.828278104464213,0.934460441271464,0.9132637778917948,0.005361627011249463,0.9947266181310018,0.9947266181310018,0.880036473274231,0.880036473274231,0.7504359285036722,0.01073336973786354
120,2143.438069343567,128779264,0.015173212625086308,0.8330853978792826,0.9366519848505656,0.9160686731338501,0.005378094036132097,0.9950291315714518,0.9950291315714518,0.8838297128677368,0.8838297128677368,0.7501195867856344,0.01018564517355778
121,2161.388641834259,128779264,0.011694777136047682,0.8440220753351847,0.9432252446810404,0.9247347513834635,0.005428970946619908,0.9961385130882263,0.9961385130882263,0.8949532906214396,0.8949532906214396,0.7488554120063782,0.010475413111800497
122,2179.3560791015625,128779264,0.011324048973619938,0.8339952031771342,0.9392018914222717,0.9193542202313741,0.005397382657974958,0.9963210225105286,0.9963210225105286,0.8881881237030029,0.8881881237030029,0.7485958933830261,0.010293098166584969
123,2197.143551826477,128779264,0.01610221030811469,0.8453891277313232,0.9409778515497843,0.9219397703806559,0.005412561818957329,0.9947401086489359,0.9947401086489359,0.8910082578659058,0.8910082578659058,0.7502405842145284,0.00957721895114942
124,2215.0066497325897,128779264,0.014675790754457315,0.8431398471196493,0.939154326915741,0.9193936387697855,0.00539761409163475,0.9954099456469218,0.9954099456469218,0.8882879416147867,0.8882879416147867,0.7495479186375936,0.009255974045531317
125,2232.931712627411,128779264,0.014128860707084337,0.8378349939982096,0.9372055530548096,0.9168192148208618,0.005382499968012174,0.9954706430435181,0.9954706430435181,0.8847068945566813,0.8847068945566813,0.7494089603424072,0.010081187313930555
126,2250.7883446216583,128779264,0.015344376054902872,0.8468278845151266,0.9409679770469666,0.921859343846639,0.005412089638411999,0.9950714707374573,0.9950714707374573,0.8912368019421896,0.8912368019421896,0.7499102354049683,0.009096007455479015
127,2268.6000649929047,128779264,0.013653480137387911,0.849151094754537,0.9435521562894186,0.9252682328224182,0.00543210298443834,0.995621124903361,0.995621124903361,0.8956070939699808,0.8956070939699808,0.7492753465970358,0.009316310794516043
128,2286.4080924987793,128779264,0.014218343421816826,0.8416901230812073,0.9390724698702494,0.9192963441212972,0.005397042880455653,0.9952892462412516,0.9952892462412516,0.8877417842547098,0.8877417842547098,0.7496741612752279,0.009543272327970375
129,2304.2384831905365,128779264,0.012556251759330431,0.8459116419156393,0.9423636396725973,0.9236215353012085,0.005422435390452544,0.99594779809316,0.99594779809316,0.8935245474179586,0.8935245474179586,0.7489932775497437,0.010154674168337475
130,2322.0658524036407,128779264,0.014517291138569513,0.8347097237904867,0.9360679388046265,0.9152713219324747,0.005373412432769935,0.9954346815745035,0.9954346815745035,0.8830185929934183,0.8830185929934183,0.7495710452397665,0.009934661698273638
131,2339.871551513672,128779264,0.014382616616785526,0.8375783761342367,0.9354362885157267,0.9144335587819418,0.005368494428694248,0.9950838486353556,0.9950838486353556,0.8818328181902567,0.8818328181902567,0.7498694260915121,0.009922645266421816
132,2357.6681327819824,128779264,0.013039872360726198,0.8495169878005981,0.9446235100428263,0.9266666372617086,0.0054403129033744335,0.9958076278368632,0.9958076278368632,0.8975633184115092,0.8975633184115092,0.7490761876106262,0.009736990640786562
133,2375.5292069911957,128779264,0.015150850949188074,0.8424657384554545,0.9383389353752136,0.9183632731437683,0.005391564841071765,0.9949476718902588,0.9949476718902588,0.8865849375724792,0.8865849375724792,0.7499721844991049,0.009023008106107061
134,2393.354596376419,128779264,0.013407866470515728,0.8361935615539551,0.9365412592887878,0.9158806602160136,0.005376989953219891,0.9957026243209839,0.9957026243209839,0.8834096391995748,0.8834096391995748,0.7491494615872701,0.009093173398551617
135,2411.1777260303497,128779264,0.016953389160335064,0.8101373712221781,0.92070472240448,0.8948216438293457,0.005253355950117111,0.9947936733563741,0.9947936733563741,0.8580755392710367,0.8580755392710367,0.7501813371976217,0.00967923750762235
136,2429.0131521224976,128779264,0.014240672811865807,0.8151062528292338,0.9231803019841512,0.8981112837791443,0.005272668786346912,0.9957368771235148,0.9957368771235148,0.8621054093043009,0.8621054093043009,0.748914877573649,0.010023808360777119
137,2446.88307261467,128779264,0.015302003361284733,0.8302089969317118,0.9301303823788961,0.9073723355929056,0.005327038777371247,0.9949220816294352,0.9949220816294352,0.8729238708813986,0.8729238708813986,0.7498794595400492,0.010925787077708677
138,2464.744326353073,128779264,0.027883342777689297,0.7839216788609823,0.9009680350621542,0.8690170844395956,0.00510186127697428,0.9928279717763265,0.9928279717763265,0.8276734352111816,0.8276734352111816,0.7518584926923116,0.01036098226904869
139,2482.645735025406,128779264,0.024816115697224934,0.7738873561223348,0.9026593764623007,0.8710989157358805,0.005114083333561818,0.9920836091041565,0.9920836091041565,0.8288037776947021,0.8288037776947021,0.753532866636912,0.011894292198121548
140,2500.4667732715607,128779264,0.020190165067712467,0.7824648221333822,0.9018128315607706,0.8698469201723734,0.005106733180582523,0.9931594530741373,0.9931594530741373,0.8290821313858032,0.8290821313858032,0.7519666155179342,0.01099197193980217
141,2518.30185174942,128779264,0.013763727930684885,0.8295559883117676,0.9321182568868002,0.9099655946095785,0.005342263883600633,0.9955012996991476,0.9955012996991476,0.876393735408783,0.876393735408783,0.749285618464152,0.011050610295073553
142,2536.172104358673,128779264,0.01687956228852272,0.8242113788922628,0.9259565671284994,0.901873509089152,0.005294756032526493,0.9950764973958334,0.9950764973958334,0.8659662405649821,0.8659662405649821,0.7495724956194559,0.010148400906473398
143,2554.037962436676,128779264,0.01409711999197801,0.8407167792320251,0.934744656085968,0.9134982824325562,0.005363003506014745,0.9954208532969157,0.9954208532969157,0.8806541562080383,0.8806541562080383,0.7492673794428507,0.009895207106389782
144,2571.866823196411,128779264,0.01371891920765241,0.820658008257548,0.9255661964416504,0.9013216098149618,0.005291516116509835,0.9954917033513387,0.9954917033513387,0.8652557929356893,0.8652557929356893,0.7490779558817545,0.010441351597282019
145,2589.6990039348602,128779264,0.01264146901667118,0.8319865266482035,0.9323216279347738,0.9102231860160828,0.0053437757305800915,0.9960440397262573,0.9960440397262573,0.8766541083653768,0.8766541083653768,0.7485853234926859,0.00983028384772214
146,2607.516651391983,128779264,0.01340992779781421,0.8289375106493632,0.9282829761505127,0.9048358003298441,0.005312147239844005,0.9958643118540446,0.9958643118540446,0.8711177905400594,0.8711177905400594,0.748776396115621,0.009734833062711086
147,2625.370414495468,128779264,0.01383678304652373,0.8491992155710856,0.9408857623736063,0.9217167496681213,0.005411253310739994,0.9954624772071838,0.9954624772071838,0.8909608324368795,0.8909608324368795,0.7492587765057882,0.009605344300242987
148,2643.22878742218,128779264,0.012990820842484633,0.8468763828277588,0.9377752145131429,0.9175381461779276,0.005386720721920331,0.995668351650238,0.995668351650238,0.8859410484631857,0.8859410484631857,0.7489118178685507,0.009127282283522865
149,2661.109987258911,128779264,0.013746834360063076,0.849407414595286,0.9397068023681641,0.9201512734095255,0.005402062088251114,0.995502789815267,0.995502789815267,0.8890095154444376,0.8890095154444376,0.7491021553675333,0.009233318184587088
150,2679.041825771332,128779264,0.01634951525678237,0.8410228888193766,0.9352445403734843,0.9142576654752096,0.005367461747179429,0.9946516156196594,0.9946516156196594,0.8813203771909078,0.8813203771909078,0.7501093943913778,0.009306010959500616
151,2696.962476015091,128779264,0.054509617388248444,0.7155852317810059,0.8503650625546774,0.8023527463277181,0.004710485382626454,0.9875645637512207,0.9875645637512207,0.7528495391209921,0.7528495391209921,0.7570477525393168,0.009041020562025633
152,2714.8258426189423,128779264,0.026482736691832542,0.7933549682299296,0.912378211816152,0.8841846187909445,0.005190907356639703,0.9916353623072306,0.9916353623072306,0.8438819050788879,0.8438819050788879,0.7537441253662109,0.009595977904444391
153,2732.7316694259644,128779264,0.01239826592306296,0.863950788974762,0.9481972455978394,0.9313939213752747,0.005468066005657117,0.9957664410273234,0.9957664410273234,0.9035101532936096,0.9035101532936096,0.7490486900011698,0.008970346894453873
154,2750.8573462963104,128779264,0.01007770715902249,0.8586060206095377,0.9483165740966797,0.9314758777618408,0.005468547033766906,0.9966051975886027,0.9966051975886027,0.9037942091623942,0.9037942091623942,0.7480928301811218,0.00908556254580617
155,2768.7857365608215,128779264,0.011778688368697962,0.8557011882464091,0.9413346250851949,0.9222257534662882,0.005414241304000218,0.995950977007548,0.995950977007548,0.8919217189153036,0.8919217189153036,0.7485849062601725,0.00878905276344581
156,2786.7146294116974,128779264,0.014412030888100466,0.8518706957499186,0.9409248034159342,0.921780506769816,0.005411626771092415,0.9955655932426453,0.9955655932426453,0.8913600643475851,0.8913600643475851,0.7490439017613729,0.008319746872240847
157,2804.556615114212,128779264,0.014926213150223097,0.8617095351219177,0.9440116087595621,0.9259095589319865,0.0054358683216075105,0.9951315522193909,0.9951315522193909,0.8964813748995463,0.8964813748995463,0.7495488325754801,0.008313643661412325
158,2822.403730392456,128779264,0.013005093360940615,0.857091466585795,0.944495439529419,0.926494320233663,0.005439301176617543,0.99585888783137,0.99585888783137,0.897254228591919,0.897254228591919,0.748804529507955,0.008338105653158644
159,2840.2629516124725,128779264,0.013105063699185848,0.8532639543215433,0.9396635691324869,0.9200416405995687,0.005401418544352055,0.9957369168599447,0.9957369168599447,0.8889836271603903,0.8889836271603903,0.7487619519233704,0.008640019392425364
160,2858.13898563385,128779264,0.014112423794964949,0.8578123052914938,0.9432548880577087,0.9248566031455994,0.0054296863575776415,0.9954797824223837,0.9954797824223837,0.8951087991396586,0.8951087991396586,0.7492271463076273,0.008042723109776323
161,2875.990073442459,128779264,0.013255536245803038,0.8637083172798157,0.9458741744359335,0.9283174475034078,0.005450004246085882,0.9956706364949545,0.9956706364949545,0.8995568156242371,0.8995568156242371,0.7489175597826639,0.007822367532009428
162,2893.828719854355,128779264,0.011356915347278118,0.8543024659156799,0.9426828622817993,0.9239956339200338,0.005424631604303916,0.9965362151463827,0.9965362151463827,0.8940326372782389,0.8940326372782389,0.7479032675425211,0.00814539719034325
163,2911.697336435318,128779264,0.011122005681196848,0.8541880448659261,0.9430678288141886,0.924504280090332,0.0054276178901394205,0.9963421821594238,0.9963421821594238,0.8948131004969279,0.8948131004969279,0.7481956879297892,0.008158038624308327
164,2929.7050318717957,128779264,0.012748495054741701,0.8582775990168253,0.9426511923472086,0.9239971240361532,0.005424640762309234,0.9960766235987345,0.9960766235987345,0.8939425150553385,0.8939425150553385,0.7484220266342163,0.008316992697390642
165,2947.6350724697113,128779264,0.01295433317621549,0.8537659049034119,0.9401303927103678,0.9206480781237284,0.005404978680113952,0.9955857197443644,0.9955857197443644,0.8900768756866455,0.8900768756866455,0.7489537596702576,0.00791324730115858
166,2965.565556049347,128779264,0.01213748473674059,0.8660220901171366,0.9467972715695699,0.9295190970102946,0.005457059325029452,0.9961726466814677,0.9961726466814677,0.9011674722035726,0.9011674722035726,0.7483153541882833,0.007929019756953825
167,2983.4026021957397,128779264,0.017548198501269024,0.8438813289006551,0.9343816637992859,0.9131754239400228,0.005361108419795831,0.9944859743118286,0.9944859743118286,0.8797547221183777,0.8797547221183777,0.7501602371533712,0.008259702135216106
168,3001.286173582077,128779264,0.01750066876411438,0.8551504611968994,0.93891974290212,0.919166107972463,0.005396278264621894,0.9948622385660807,0.9948622385660807,0.8877964814503988,0.8877964814503988,0.7496132453282675,0.007892749441618269
169,3019.195324897766,128779264,0.012608126116295656,0.8541174928347269,0.9398893316586813,0.9203557968139648,0.005403262718270223,0.9958074490229288,0.9958074490229288,0.8892537355422974,0.8892537355422974,0.7486618161201477,0.007832056461748753
170,3037.070104598999,128779264,0.016786519748469193,0.8503837982813517,0.9383298754692078,0.9183794260025024,0.005391660146415234,0.9947643876075745,0.9947643876075745,0.8869289954503378,0.8869289954503378,0.7498996059099833,0.008534143086184155
171,3054.930540084839,128779264,0.017007440018157165,0.8537758390108744,0.9379887779553732,0.9179297884305319,0.005389020002136628,0.9947023590405782,0.9947023590405782,0.8859992822011312,0.8859992822011312,0.749876856803894,0.008348725355145607
172,3072.861556529999,128779264,0.015209400405486425,0.8439119855562845,0.9331156214078268,0.9113575418790182,0.005350435463090737,0.995164175828298,0.995164175828298,0.8778308431307474,0.8778308431307474,0.749265213807424,0.008828678845681927
173,3090.7548484802246,128779264,0.014231705417235693,0.863844613234202,0.9438555041948954,0.9256594379742941,0.0054343994706869125,0.9953435659408569,0.9953435659408569,0.8960662285486857,0.8960662285486857,0.7491638859113058,0.00775815135884014
174,3108.6872413158417,128779264,0.014731141117711863,0.8662543098131815,0.9459644754727682,0.9285040895144144,0.005451100257535775,0.9952847957611084,0.9952847957611084,0.8995698094367981,0.8995698094367981,0.7492967247962952,0.008173467930067669
175,3126.5936646461487,128779264,0.022647762050231297,0.8307637770970663,0.9244012633959452,0.9000000158945719,0.005283757268140714,0.9938394029935201,0.9938394029935201,0.8630576332410177,0.8630576332410177,0.7505796949068705,0.009122718972238627
176,3144.424306154251,128779264,0.013105140067636967,0.8479106624921163,0.9383560021718343,0.9183059930801392,0.005391228788842757,0.9956799149513245,0.9956799149513245,0.8868358532587687,0.8868358532587687,0.7489306728045145,0.0089225432920185
177,3162.2275853157043,128779264,0.012078866362571716,0.8546741406122843,0.9429873824119568,0.9244717558224996,0.005427426813791196,0.9957723418871561,0.9957723418871561,0.8947224219640096,0.8947224219640096,0.7488763133684794,0.008309127254919573
178,3180.0035355091095,128779264,0.011113173328340054,0.8591362833976746,0.9441099762916565,0.9259060621261597,0.0054358479877312975,0.9964609543482462,0.9964609543482462,0.8964311281840006,0.8964311281840006,0.7479274471600851,0.0082646156237884
179,3197.8113124370575,128779264,0.01843562846382459,0.8298608660697937,0.9293463031450907,0.9065128763516744,0.00532199302688241,0.9943918983141581,0.9943918983141581,0.8715765078862509,0.8715765078862509,0.7503549853960673,0.008664193944158878
180,3215.6396486759186,128779264,0.04300078252951304,0.7411431471506754,0.8673497637112936,0.8247126539548238,0.004841757472604513,0.9895457029342651,0.9895457029342651,0.7765931288401285,0.7765931288401285,0.754783054192861,0.009577823972160166
181,3233.4819967746735,128779264,0.03817169057826201,0.7210774620374044,0.8658277789751688,0.8230484922726949,0.004831986967474222,0.9870871901512146,0.9870871901512146,0.7785561680793762,0.7785561680793762,0.7589239279429117,0.010472942101345821
182,3251.30611205101,128779264,0.047045075645049415,0.6445395549138387,0.8406811753908793,0.7901094953219095,0.0046386076137423515,0.9837499658266703,0.9837499658266703,0.7378649115562439,0.7378649115562439,0.7660788297653198,0.014263320036909798
183,3269.1729304790497,128779264,0.02015131028989951,0.8369011680285136,0.9279635945955912,0.9046839872996012,0.005311256119360526,0.9937402208646139,0.9937402208646139,0.8691882888476054,0.8691882888476054,0.7507220506668091,0.012609310532835398
184,3287.000104188919,128779264,0.016983360052108765,0.8243271907170614,0.9221253196398417,0.8968342145284017,0.0052651713291804,0.9942105611165365,0.9942105611165365,0.8594967722892761,0.8594967722892761,0.7502302527427673,0.010898727669634602
185,3304.828846693039,128779264,0.017922299914062023,0.8451506892840067,0.9365878303845724,0.916169544061025,0.005378686046848695,0.9943928519884745,0.9943928519884745,0.8836718996365865,0.8836718996365865,0.7503195603688558,0.009706482968547127
186,3322.652569293976,128779264,0.032129583259423576,0.7618424495061239,0.885785977045695,0.8489845991134644,0.004984253707031409,0.9910059173901876,0.9910059173901876,0.8033618728319804,0.8033618728319804,0.7535829146703085,0.010309371419928291
187,3340.549837589264,128779264,0.022970523685216904,0.8088072737058004,0.9166868527730306,0.8898204763730367,0.005223994764188926,0.9935095111529032,0.9935095111529032,0.8515699108441671,0.8515699108441671,0.7511528929074606,0.009734775574708527
188,3358.4960718154907,128779264,0.01853091052422921,0.8224213918050131,0.9180248777071635,0.8913557728131613,0.005233008414506912,0.9941901365915934,0.9941901365915934,0.8542694250742594,0.8542694250742594,0.7502492467562357,0.009161343798041344
189,3376.4029128551483,128779264,0.013412555990119776,0.8552774985631307,0.9417744874954224,0.9228806893030802,0.00541808611402909,0.9955184459686279,0.9955184459686279,0.8925503094991049,0.8925503094991049,0.7490296761194865,0.008218999782746489
190,3394.3059816360474,128779264,0.014533281326293945,0.8583515683809916,0.9413044055302938,0.9222623109817505,0.005414455818633239,0.9950685501098633,0.9950685501098633,0.8917702237764994,0.8917702237764994,0.7494670947392782,0.008541270159184933
191,3412.170262813568,128779264,0.014637579830984274,0.8612189888954163,0.9408274292945862,0.9216428399085999,0.005410819003979365,0.9953937927881876,0.9953937927881876,0.8908754189809164,0.8908754189809164,0.7489583094914755,0.008340357125482777
192,3430.031719684601,128779264,0.012636295519769192,0.8633853197097778,0.9458762804667155,0.9283283750216166,0.005450068817784389,0.9957390824953715,0.9957390824953715,0.8996366262435913,0.8996366262435913,0.7488089005152384,0.008137609978968447
193,3447.9129519462585,128779264,0.013599465290705362,0.8681672811508179,0.9452640811602274,0.9275160233179728,0.005445299204438925,0.9954416155815125,0.9954416155815125,0.8984576861063639,0.8984576861063639,0.7490287025769552,0.008053474297577684
194,3465.8020310401917,128779264,0.012917100762327513,0.871847907702128,0.9481182893117269,0.931317925453186,0.005467619591703017,0.9957790374755859,0.9957790374755859,0.9033673803011576,0.9033673803011576,0.7486797968546549,0.00788191303780133
195,3483.7063426971436,128779264,0.015259680648644766,0.8636315862337748,0.9425845543543497,0.9240130583445231,0.005424734205007553,0.9951085050900778,0.9951085050900778,0.8938785394032797,0.8938785394032797,0.7492700616518656,0.007568750107152896
196,3501.591229915619,128779264,0.012911886908113956,0.8614339828491211,0.9411626855532328,0.9220248262087504,0.005413061628739039,0.9955757856369019,0.9955757856369019,0.8918351928393046,0.8918351928393046,0.7488569617271423,0.007526818070222031
197,3519.447764635086,128779264,0.01508576391885678,0.858517587184906,0.9380605618158976,0.9179263710975647,0.005388999978701274,0.9951096177101135,0.9951096177101135,0.8864762187004089,0.8864762187004089,0.7492608030637106,0.0073282777501100845
198,3537.3090541362762,128779264,0.011881841657062372,0.8670139908790588,0.9453514218330383,0.9275613824526469,0.005445565873136123,0.9961146910985311,0.9961146910985311,0.8987627426783243,0.8987627426783243,0.7482481201489767,0.007230045654895631
199,3555.2200319767,128779264,0.013610336308677992,0.8641868829727173,0.942678431669871,0.9240684707959493,0.0054250590813656645,0.995616634686788,0.995616634686788,0.8937962253888448,0.8937962253888448,0.7486641605695089,0.007640794004228982
200,3573.18949341774,128779264,0.010266983260711035,0.8710087736447653,0.9482726454734802,0.9314292867978414,0.005468273380150397,0.9965933561325073,0.9965933561325073,0.9038762450218201,0.9038762450218201,0.747682253519694,0.007479407358914614
201,3591.1146671772003,128779264,0.014492214346925417,0.8613063097000122,0.9410511056582133,0.9219228029251099,0.005412462477882703,0.995407501856486,0.995407501856486,0.8914451797803243,0.8914451797803243,0.7489584684371948,0.0074410163797438145
202,3609.077090740204,128779264,0.01169993014385303,0.8774213989575704,0.9489476482073466,0.9323803981145223,0.005473857435087363,0.996165931224823,0.996165931224823,0.9050987362861633,0.9050987362861633,0.7481307586034139,0.007430309006436305
203,3627.046496152878,128779264,0.011372201765576998,0.8702913125356039,0.9456456502278646,0.9279807806015015,0.00544802766914169,0.9962907433509827,0.9962907433509827,0.8992822170257568,0.8992822170257568,0.7479329705238342,0.007263313894244758
204,3644.9200723171234,128779264,0.013436681280533472,0.851686974366506,0.936809221903483,0.9162179430325826,0.00537897041067481,0.9956884980201721,0.9956884980201721,0.8843848506609598,0.8843848506609598,0.7486787041028341,0.007575676056810401
205,3662.924886703491,128779264,0.012809465328852335,0.866487979888916,0.9438011447588602,0.9255136648813883,0.005433543895681699,0.9960106611251831,0.9960106611251831,0.8958226442337036,0.8958226442337036,0.7482679088910421,0.007239514834840189
206,3680.872490167618,128779264,0.012037340241173903,0.8724448482195536,0.9469501773516337,0.9297146598498026,0.005458207335323095,0.9961119890213013,0.9961119890213013,0.9014895160992941,0.9014895160992941,0.7481961250305176,0.00720683095807379
207,3698.8173775672913,128779264,0.013113506759206453,0.869452436765035,0.9449251492818197,0.9270367821057638,0.005442485989381869,0.9957391818364462,0.9957391818364462,0.8979223767916361,0.8979223767916361,0.7485673626263937,0.006905783475799994
208,3716.712234735489,128779264,0.012946754693984985,0.8743318319320679,0.9477214614550272,0.9307856758435568,0.005464495004465182,0.995654821395874,0.995654821395874,0.9027161200841268,0.9027161200841268,0.7487101356188456,0.007050063334066759
209,3734.639406681061,128779264,0.0126748684172829,0.8796071807543436,0.9492387374242147,0.9327858090400696,0.005476237274706364,0.9957472880681356,0.9957472880681356,0.9053076306978861,0.9053076306978861,0.7485438585281372,0.007217313670976596
210,3752.5603466033936,128779264,0.015084681411584219,0.869654655456543,0.9446861743927002,0.9267944494883219,0.005441063394149144,0.9951878587404887,0.9951878587404887,0.8974507451057434,0.8974507451057434,0.7491547664006551,0.006914991970089349
211,3770.508108139038,128779264,0.01111578413595756,0.8786494533220927,0.9502266049385071,0.9340555270512899,0.005483692046254873,0.9964335958162943,0.9964335958162943,0.9072750012079874,0.9072750012079874,0.7478211919466654,0.006896131502633745
212,3788.425902366638,128779264,0.015006499364972115,0.8693158229192098,0.9434400200843811,0.9251126448313395,0.005431189356992642,0.9953087170918783,0.9953087170918783,0.8954168160756429,0.8954168160756429,0.7490264773368835,0.006864475424994122
213,3806.423364639282,128779264,0.012960655304292837,0.870228111743927,0.9446865320205688,0.9267023801803589,0.005440522606174151,0.9957699577013651,0.9957699577013651,0.8975109060605367,0.8975109060605367,0.7484915852546692,0.0069382109001956205
214,3824.3279547691345,128779264,0.01093031403919061,0.8718579610188802,0.9467639923095703,0.929444154103597,0.005456618964672089,0.9966007868448893,0.9966007868448893,0.9011502663294474,0.9011502663294474,0.747569223244985,0.006892913190478628
215,3842.241490840912,128779264,0.015679519002636273,0.8557822505633036,0.9361114303270975,0.9153382579485575,0.005373805606116851,0.9950376351674398,0.9950376351674398,0.8830529848734537,0.8830529848734537,0.7492102185885111,0.006925675891001116
216,3860.1898794174194,128779264,0.014692510478198528,0.8649717171986898,0.9405486981074015,0.9212193091710409,0.005408332372705142,0.9956730008125305,0.9956730008125305,0.8906523187955221,0.8906523187955221,0.7485687732696533,0.006869745186784051
217,3878.0927090644836,128779264,0.012542319173614183,0.8682966232299805,0.9440362056096395,0.9258431394894918,0.005435478097448747,0.9959632555643717,0.9959632555643717,0.8963557283083597,0.8963557283083597,0.7482810616493225,0.006891676563430916
218,3896.077852010727,128779264,0.013443976640701294,0.8758249282836914,0.9466734131177267,0.9293985764185587,0.005456351519872745,0.9954768220583597,0.9954768220583597,0.9008773962656657,0.9008773962656657,0.7487551172574362,0.0068792513233016835
219,3913.992416381836,128779264,0.013038061559200287,0.86618572473526,0.9420383969942728,0.9231811364491781,0.005419849883764982,0.9960006674130758,0.9960006674130758,0.8928178350130717,0.8928178350130717,0.7481459180514017,0.00663113733753562
220,3931.9231078624725,128779264,0.0126485675573349,0.8751197258631388,0.9474385579427084,0.9303888082504272,0.005462165145824353,0.9959132671356201,0.9959132671356201,0.9020915826161703,0.9020915826161703,0.7483146588007609,0.006759892429479144
221,3949.7549517154694,128779264,0.014950334715346495,0.8644374012947083,0.9405108094215393,0.921186367670695,0.0054081388128300505,0.9955060879389445,0.9955060879389445,0.890560249487559,0.890560249487559,0.7487176855405172,0.006952530238777399
222,3967.6094522476196,128779264,0.014033540772895018,0.8763838211695353,0.946816643079122,0.9296035965283712,0.0054575554095208645,0.995533267656962,0.995533267656962,0.901057223478953,0.901057223478953,0.748708705107371,0.006865896411578764
223,3985.419980764389,128779264,0.010687150371571382,0.8738101323445638,0.9468523462613424,0.929532547791799,0.005457137866566579,0.9967223207155863,0.9967223207155863,0.9014918804168701,0.9014918804168701,0.7474199930826823,0.006912354379892349
224,4003.2552573680878,128779264,0.014094315779705843,0.8687431613604227,0.9430813193321228,0.924608051776886,0.005428226975103219,0.9954697688420614,0.9954697688420614,0.8946362535158793,0.8946362535158793,0.7487451036771139,0.00674106493930925
225,4021.068874359131,128779264,0.012026937678456306,0.8707707722981771,0.9435605605443319,0.9251870314280192,0.0054316263025005656,0.9961429834365845,0.9961429834365845,0.895529568195343,0.895529568195343,0.7480347553888956,0.006927615920589728
226,4038.896208047867,128779264,0.010922795937707027,0.8585896889368693,0.9416147867838541,0.9225413203239441,0.0054160935493807,0.9965190092722574,0.9965190092722574,0.8919857740402222,0.8919857740402222,0.7477090160051981,0.006820429201153192
227,4056.732164621353,128779264,0.01453230002274116,0.8693356315294901,0.942928155263265,0.9244061907132467,0.0054270424880087376,0.995484193166097,0.995484193166097,0.894426703453064,0.894426703453064,0.7487155596415201,0.006876358085057952
228,4074.612199783325,128779264,0.01529887318611145,0.8696614106496176,0.9415652553240458,0.9225982824961344,0.005416427894184987,0.9952794909477234,0.9952794909477234,0.8922716776529948,0.8922716776529948,0.7488894859949747,0.006482383617284623
229,4092.441183567047,128779264,0.014851047657430172,0.8710079391797384,0.9433838327725729,0.9250301122665405,0.005430705224474271,0.9953916470209757,0.9953916470209757,0.8953104416529337,0.8953104416529337,0.7488225301106771,0.006639432289044966
230,4110.287580490112,128779264,0.013014520208040873,0.8736757238705953,0.9454731941223145,0.9277674555778503,0.00544677550594012,0.995778501033783,0.995778501033783,0.8989216486612955,0.8989216486612955,0.7484343647956848,0.00628801371732896
231,4128.136080741882,128779264,0.014946416951715946,0.8743980328241984,0.9459211826324463,0.9284398953119913,0.005450723382333915,0.9952912926673889,0.9952912926673889,0.8995356559753418,0.8995356559753418,0.7490084966023763,0.006892040117897771
232,4145.964480400085,128779264,0.013690837658941746,0.8749434550603231,0.9463932116826376,0.9290096958478292,0.005454068537801504,0.9957900842030843,0.9957900842030843,0.9004896481831869,0.9004896481831869,0.7484641273816427,0.006638176019557498
233,4163.822042226791,128779264,0.01413416707267364,0.8771860599517822,0.9465233087539673,0.9292131265004476,0.005455263114223878,0.9955554604530334,0.9955554604530334,0.9005482196807861,0.9005482196807861,0.7486241459846497,0.0066583783535117454
234,4181.74666261673,128779264,0.01383327009777228,0.8776645064353943,0.9461503028869629,0.9286941289901733,0.005452216137200594,0.9956097404162089,0.9956097404162089,0.9000594814618429,0.9000594814618429,0.74852987130483,0.006287107709795237
235,4199.654093980789,128779264,0.013134407189985117,0.8742755850156149,0.9462801019350687,0.9288573662439982,0.005453174002468586,0.9959686795870463,0.9959686795870463,0.9004250566164652,0.9004250566164652,0.7482675909996033,0.006616881582885981
236,4217.558011054993,128779264,0.01284530758857727,0.8685190478960673,0.9436242779095968,0.9253121415774027,0.00543236065035065,0.9962499936421713,0.9962499936421713,0.8954619765281677,0.8954619765281677,0.747861901919047,0.006406744645739143
237,4235.4918920993805,128779264,0.011071066372096539,0.8715749780337015,0.9447436928749084,0.9267162084579468,0.005440603941679001,0.9965053002039591,0.9965053002039591,0.8979043563206991,0.8979043563206991,0.7476418614387512,0.006722747432914647
238,4253.372275829315,128779264,0.01323737141986688,0.8728261987368265,0.9449639519055685,0.927074154218038,0.005442705315848191,0.9959447582562765,0.9959447582562765,0.8978961507479349,0.8978961507479349,0.7482487360636393,0.0065120897594500675
239,4271.271239280701,128779264,0.012611752996842066,0.8691934943199158,0.9426627357800802,0.924013594786326,0.005424737154195706,0.9960778951644897,0.9960778951644897,0.894119123617808,0.894119123617808,0.7480481465657552,0.006495654455978762
240,4289.096760034561,128779264,0.012804831688602766,0.8778179089228312,0.9475080966949463,0.9305005272229513,0.005462820952137311,0.9958774646123251,0.9958774646123251,0.9023836453755697,0.9023836453755697,0.7482900222142538,0.006432438057593324
241,4306.927109241486,128779264,0.011333456573386988,0.868786096572876,0.9439960320790609,0.9257290760676066,0.005434808786958456,0.9963594476381937,0.9963594476381937,0.8962422410647074,0.8962422410647074,0.7478148937225342,0.0064094475131820546
242,4324.724453210831,128779264,0.015707770983378094,0.8746035893758138,0.9460663795471191,0.9286275307337443,0.005451824826498826,0.9954356948534647,0.9954356948534647,0.8999038537343343,0.8999038537343343,0.7488020658493042,0.006496777250008149
243,4342.575042963028,128779264,0.014411344813803831,0.8765395482381185,0.9463429649670919,0.9289612770080566,0.0054537841739753885,0.9955385327339172,0.9955385327339172,0.9003772934277853,0.9003772934277853,0.7486602465311686,0.00651117249137976
244,4360.424212694168,128779264,0.014669197301069895,0.8607199986775717,0.9395862619082133,0.919943630695343,0.005400842987000942,0.9956330060958862,0.9956330060958862,0.8885274728139242,0.8885274728139242,0.7485828598340353,0.0067508489909497175
245,4378.287931680679,128779264,0.013213795920213064,0.8730157017707825,0.9442161917686462,0.9260892669359843,0.0054369233548641205,0.9959617853164673,0.9959617853164673,0.8965402046839396,0.8965402046839396,0.7481277585029602,0.006386679639531808
246,4396.1155161857605,128779264,0.014247506236036619,0.881966253121694,0.9486668904622396,0.9320644934972128,0.0054720027061800165,0.9955483675003052,0.9955483675003052,0.9043370087941488,0.9043370087941488,0.7486025889714559,0.006204445592381738
247,4413.987388134003,128779264,0.014269956077138582,0.8703718582789103,0.9424513975779215,0.923760195573171,0.005423249521603187,0.9959092736244202,0.9959092736244202,0.893811841805776,0.893811841805776,0.7481897672017416,0.006093929056078196
248,4431.842348814011,128779264,0.012052602445085844,0.8736943205197653,0.944994846979777,0.9270884792009989,0.005442788979659478,0.9962433179219564,0.9962433179219564,0.897941529750824,0.897941529750824,0.7478748361269633,0.00632271712476557
249,4449.702837228775,128779264,0.013860575233896574,0.8797129988670349,0.9470435976982117,0.9298632939656576,0.005459079829355081,0.9958128730456034,0.9958128730456034,0.9014507333437601,0.9014507333437601,0.7483076651891073,0.0063423093577677555
250,4467.508883237839,128779264,0.01158388052135706,0.8869042992591858,0.951433539390564,0.9356689055760702,0.005493163596838713,0.9963193933169047,0.9963193933169047,0.9092793265978495,0.9092793265978495,0.7478039662043253,0.006424384530295025
251,4485.363075017929,128779264,0.013890949388345083,0.8716350396474203,0.9438992937405905,0.9256574511528015,0.005434387984375159,0.9957635998725891,0.9957635998725891,0.8960074385007223,0.8960074385007223,0.7484252452850342,0.006292633796957406
252,4503.207777261734,128779264,0.014222303405404091,0.8756085832913717,0.945291002591451,0.9275634487469991,0.005445577669888735,0.9955581029256185,0.9955581029256185,0.8985500931739807,0.8985500931739807,0.7486127018928528,0.006238986822691831
253,4521.076883554459,128779264,0.010752775085469088,0.877672036488851,0.9462042450904846,0.9286418755849203,0.005451909266412258,0.9967428843180338,0.9967428843180338,0.9001135428746542,0.9001135428746542,0.7473071416219076,0.006244548554108901
254,4538.90026640892,128779264,0.014333225476245085,0.8805867830912272,0.9467601577440897,0.9295224944750468,0.005457078882803519,0.9955632090568542,0.9955632090568542,0.9011488755544027,0.9011488755544027,0.7485387921333313,0.006307528100230477
255,4556.7154014110565,128779264,0.013835591884950796,0.8830387393633524,0.9489569664001465,0.9324289759000143,0.005474142575015624,0.9957629243532816,0.9957629243532816,0.9048022230466207,0.9048022230466207,0.7483800450960795,0.0063558107834648
256,4574.53724360466,128779264,0.012862957393129667,0.8699475526809692,0.9421969453493754,0.9233481287956238,0.005420830411215623,0.9961273272832235,0.9961273272832235,0.8932094971338908,0.8932094971338908,0.7479424476623535,0.006155506242066622
257,4592.395062446594,128779264,0.012826310781141123,0.8803537487983704,0.948231836160024,0.9314256310462952,0.0054682521149516106,0.9960911870002747,0.9960911870002747,0.9035822550455729,0.9035822550455729,0.7480101585388184,0.005987817633219741
258,4610.254041433334,128779264,0.012449623395999273,0.8868297735850016,0.9507111310958862,0.9347298343976339,0.005487650632858276,0.9961952368418375,0.9961952368418375,0.9080694317817688,0.9080694317817688,0.7479129632314047,0.005699424708092754
259,4628.0958569049835,128779264,0.014741476314763228,0.8663723270098368,0.9407675266265869,0.9214933713277181,0.005409941387673219,0.99560018380483,0.99560018380483,0.890703022480011,0.890703022480011,0.7485287189483643,0.005934520539912311
260,4645.946966648102,128779264,0.012986434623599052,0.8858264684677124,0.9503928422927856,0.9343060453732809,0.005485162294159333,0.9962254365285238,0.9962254365285238,0.9072610139846802,0.9072610139846802,0.7478507359822592,0.00628720469434153
261,4663.797763824463,128779264,0.013048900912205378,0.8805389006932577,0.9482654929161072,0.9314646323521932,0.005468480909864108,0.9960162043571472,0.9960162043571472,0.9037129878997803,0.9037129878997803,0.7480948368708292,0.006258943626149135
262,4681.691053152084,128779264,0.015434371307492256,0.8772753477096558,0.9455970724423727,0.9279946684837341,0.005448109625528256,0.9952822724978129,0.9952822724978129,0.898901104927063,0.898901104927063,0.748892585436503,0.005873454142023216
263,4699.708015918732,128779264,0.013251448360582193,0.8555697004000345,0.9324374596277872,0.9103959401448568,0.005344790251304706,0.9960389137268066,0.9960389137268066,0.8767566879590353,0.8767566879590353,0.7479405601819357,0.00642823554914106
264,4717.54433298111,128779264,0.011422894274195036,0.8722143570582072,0.9424083630243937,0.9236020644505819,0.005422321148216724,0.996402899424235,0.996402899424235,0.894083559513092,0.894083559513092,0.7476491133371989,0.0065942979841069746
265,4735.388559579849,128779264,0.015109580320616564,0.875412662823995,0.9443822701772054,0.9263726274172465,0.005438586852202813,0.9953886469205221,0.9953886469205221,0.8970185319582621,0.8970185319582621,0.748742679754893,0.006102059163491835
266,4753.246909379959,128779264,0.014734630783398947,0.8634853959083557,0.9388699730237325,0.9189932346343994,0.005395263433456421,0.9955445726712545,0.9955445726712545,0.8874945044517517,0.8874945044517517,0.7485639651616415,0.00642139676280997
267,4771.109870433807,128779264,0.014106389445563158,0.8716212709744772,0.9418389399846395,0.9229251146316528,0.005418346729129553,0.9957003196080526,0.9957003196080526,0.8925110499064127,0.8925110499064127,0.7483479777971903,0.006634376604448666
268,4788.967358589172,128779264,0.01282251284768184,0.8814324339230856,0.9476152459780375,0.9306135972340902,0.005463484674692154,0.996009886264801,0.996009886264801,0.9025698701540629,0.9025698701540629,0.7480695247650146,0.0065322434106333685
269,4806.802622318268,128779264,0.015069132981201014,0.8683536847432455,0.9416583975156149,0.9227100809415182,0.005417084476600091,0.9957387248675028,0.9957387248675028,0.8924268285433451,0.8924268285433451,0.7484082380930582,0.005874175917018543
270,4824.62632727623,128779264,0.012449907449384531,0.8791014750798544,0.9479573766390482,0.9310397108395895,0.0054659863623480005,0.996111532052358,0.996111532052358,0.9032619992891947,0.9032619992891947,0.7480321327845255,0.006153710017150099
271,4842.5046854019165,128779264,0.011176464458306631,0.8734323382377625,0.9450110594431559,0.9270882606506348,0.0054427880483369035,0.9966211120287577,0.9966211120287577,0.8982630372047424,0.8982630372047424,0.7474619547526041,0.0063054303807968445
272,4860.3899512290955,128779264,0.014142265853782495,0.8658462365468343,0.9405559698740641,0.9212607542673746,0.0054085757583379745,0.9958075284957886,0.9958075284957886,0.8904791275660197,0.8904791275660197,0.7483592430750529,0.006211371034045111
273,4878.287622690201,128779264,0.03546655736863613,0.7775954405466715,0.8865634004275004,0.8497332731882731,0.004988649083922307,0.9920235474904379,0.9920235474904379,0.8050616780916849,0.8050616780916849,0.75235382715861,0.006764408835971897
274,4896.270568609238,128779264,0.017584891989827156,0.8537791768709818,0.9347317616144816,0.9135934909184774,0.005363562299559514,0.9949957728385925,0.9949957728385925,0.8804713090260824,0.8804713090260824,0.7491565346717834,0.00753546120937575
275,4914.212034463882,128779264,0.044720190266768135,0.7558406392733256,0.8755409320195516,0.8355800906817118,0.0049055580360194044,0.9895667632420858,0.9895667632420858,0.7886314392089844,0.7886314392089844,0.7550371289253235,0.008450406434183771
276,4932.019093751907,128779264,0.017218994597593944,0.8144651055335999,0.9231163263320923,0.898108184337616,0.005272650625556707,0.994683583577474,0.994683583577474,0.861271063486735,0.861271063486735,0.7504385312398275,0.008060324175113981
277,4949.841473817825,128779264,0.012184825725853443,0.868190069993337,0.9442592263221741,0.9261607726414999,0.005437343070904414,0.9960042238235474,0.9960042238235474,0.8968772093454996,0.8968772093454996,0.7483194867769877,0.00809630040418018
278,4967.679138183594,128779264,0.011886203661561012,0.8725350697835287,0.9448094566663107,0.9268451531728109,0.005441360796491305,0.9959266583124796,0.9959266583124796,0.8977063496907552,0.8977063496907552,0.7482501268386841,0.006819082381711764
279,4985.524272203445,128779264,0.023862825085719425,0.8010370135307312,0.9110742410024008,0.8824268380800883,0.005180587992072105,0.9918923179308573,0.9918923179308573,0.8420701225598654,0.8420701225598654,0.7530858119328817,0.009677525017071854
280,5003.352673530579,128779264,0.026815950870513916,0.8286827007929484,0.9214397668838501,0.8962360819180807,0.00526166008785367,0.9927037159601847,0.9927037159601847,0.8581054409344991,0.8581054409344991,0.7516195774078369,0.009330197914757511
281,5021.220159769058,128779264,0.014379039406776428,0.8469199538230896,0.9326512217521667,0.9107144077618917,0.005346659726152818,0.9949568510055542,0.9949568510055542,0.8772326111793518,0.8772326111793518,0.7493899861971537,0.008048770017921925
282,5039.055054426193,128779264,0.01698322966694832,0.8646451036135355,0.9398201505343119,0.920369565486908,0.005403343743334214,0.9949358105659485,0.9949358105659485,0.8890269796053568,0.8890269796053568,0.7492283781369528,0.0075138559226285324
283,5056.8886477947235,128779264,0.013596241672833761,0.8702363769213358,0.9437708258628845,0.9255243937174479,0.005433606915175915,0.9959413806597391,0.9959413806597391,0.8958507378896078,0.8958507378896078,0.7481923500696818,0.007508909626101906
284,5074.75520324707,128779264,0.012245326613386473,0.8770066301027933,0.9473875562349955,0.9303021828333536,0.005461656643698613,0.9960165023803711,0.9960165023803711,0.9020740985870361,0.9020740985870361,0.7481445868810018,0.006732185540551489
285,5092.587060213089,128779264,0.013005805822710196,0.8789263168970743,0.9475412368774414,0.9305649399757385,0.005463199224323034,0.9957002401351929,0.9957002401351929,0.9025566776593527,0.9025566776593527,0.7484683990478516,0.006259491116824475
286,5110.410034894943,128779264,0.011740167314807573,0.8667993545532227,0.9408107002576193,0.9215004444122314,0.005409982676307361,0.996242105960846,0.996242105960846,0.8911051154136658,0.8911051154136658,0.7478516300519308,0.006080644459209659
287,5128.257628440857,128779264,0.013189269850651423,0.8784524997075399,0.9462436437606812,0.9288044969240824,0.005452863872051239,0.9958640336990356,0.9958640336990356,0.9001703858375549,0.9001703858375549,0.7482194503148397,0.006140079391612248
288,5146.092777013779,128779264,0.014026696793735027,0.8829401930173238,0.9490019679069519,0.9325225154558817,0.005474691744893789,0.9954988161722819,0.9954988161722819,0.9049009482065836,0.9049009482065836,0.7486397822697958,0.006052308123220097
289,5164.03081870079,128779264,0.014992072867850462,0.8787368734677633,0.9465813835461935,0.9293352762858073,0.005455979922165473,0.9952810804049174,0.9952810804049174,0.9007054964701334,0.9007054964701334,0.7488535642623901,0.0060278665782375765
290,5181.909456253052,128779264,0.0141973365098238,0.8768065770467123,0.9448258876800537,0.9269471963246664,0.005441959947347641,0.9955430229504904,0.9955430229504904,0.8977663914362589,0.8977663914362589,0.7485397259394327,0.006211611103605141
291,5199.822291851044,128779264,0.013380699480573336,0.8765921394030253,0.9438705643018087,0.9256514112154642,0.005434352594117324,0.9958680868148804,0.9958680868148804,0.8963086406389872,0.8963086406389872,0.7481298049290975,0.006051929498260672
292,5217.6874804496765,128779264,0.013744530888895193,0.881807545820872,0.9472801884015402,0.930190642674764,0.005461001768708229,0.995808998743693,0.995808998743693,0.9019561012585958,0.9019561012585958,0.7482502659161886,0.005851161920211532
293,5235.619008302689,128779264,0.013973682808379332,0.8786662220954895,0.9452362457911173,0.9274486303329468,0.0054449038580060005,0.9957576394081116,0.9957576394081116,0.8983725110689799,0.8983725110689799,0.7482754985491434,0.005636810748414559
294,5253.568016529083,128779264,0.010613393348952135,0.886165201663971,0.9498828649520874,0.9335703452428182,0.005480843285719554,0.9967416326204935,0.9967416326204935,0.9065574804941813,0.9065574804941813,0.7472453912099203,0.0058673531748354435
295,5271.515664339066,128779264,0.009943584756304821,0.8753738005956014,0.9444642066955566,0.9263090491294861,0.005438213236629963,0.9969759782155355,0.9969759782155355,0.8973229726155599,0.8973229726155599,0.74699999888738,0.005847284951331941
296,5289.362456560135,128779264,0.012909309628109137,0.8856902122497559,0.948499321937561,0.9317746957143148,0.005470301179836194,0.9961491227149963,0.9961491227149963,0.9040871659914652,0.9040871659914652,0.7478668093681335,0.005821173206310381
297,5307.222936630249,128779264,0.012491292630632719,0.8858828544616699,0.9500314394632975,0.9338212013244629,0.005482316327591737,0.9960314035415649,0.9960314035415649,0.9070304830869039,0.9070304830869039,0.7480926712354025,0.005835219328715043
298,5325.064697980881,128779264,0.014904767274856567,0.8832848270734152,0.9480082790056864,0.93118949731191,0.005466865841299295,0.9955138762791952,0.9955138762791952,0.9031103849411011,0.9031103849411011,0.7485725482304891,0.005866145334121856
299,5342.9308824539185,128779264,0.012041594833135605,0.8835531075795492,0.9481563170750936,0.9313015341758728,0.005467523510257403,0.9961847066879272,0.9961847066879272,0.9034579396247864,0.9034579396247864,0.7478233178456625,0.005526511125605215
300,5360.789585113525,128779264,0.01428089290857315,0.886769155661265,0.949509064356486,0.933142900466919,0.0054783338370422525,0.9956917961438497,0.9956917961438497,0.9057653745015463,0.9057653745015463,0.748392641544342,0.005784426180815155
301,5378.629560470581,128779264,0.012124968071778616,0.8868133823076884,0.9503839015960693,0.9342615405718485,0.005484901213397582,0.9961946209271749,0.9961946209271749,0.9073125123977661,0.9073125123977661,0.7478808363278707,0.0055389470971104774
302,5396.457285165787,128779264,0.01434517310311397,0.886235237121582,0.949378510316213,0.932983934879303,0.005477400341381629,0.9958517154057821,0.9958517154057821,0.9054657419522604,0.9054657419522604,0.748189647992452,0.005632012489844452
303,5414.278875112534,128779264,0.011507978352407614,0.8987128138542175,0.9556244810422262,0.9412389000256857,0.005525864195078611,0.9966190258661906,0.9966190258661906,0.9165869752566019,0.9165869752566019,0.747374435265859,0.005535194015299732
304,5432.113196134567,128779264,0.015455406780044237,0.8755359649658203,0.9432487289110819,0.924825926621755,0.005429506457100312,0.9954474171002706,0.9954474171002706,0.8952163855234782,0.8952163855234782,0.7485861976941427,0.0061436410231346435
305,5449.934297084808,128779264,0.01272829125324885,0.8767872452735901,0.945356527964274,0.9275896946589152,0.005445731958995263,0.9961878259976705,0.9961878259976705,0.8986571033795675,0.8986571033795675,0.7478841741879781,0.006260137200694193
306,5467.820019960403,128779264,0.012171769825120768,0.883251408735911,0.9485235810279846,0.9317775766054789,0.005470318409303824,0.9964569012324015,0.9964569012324015,0.9040421644846598,0.9040421644846598,0.7475363612174988,0.005685422230850567
307,5485.696734189987,128779264,0.01350165686259667,0.8846143484115601,0.948215126991272,0.9314095179239908,0.005468157430489858,0.9959369897842407,0.9959369897842407,0.9035759568214417,0.9035759568214417,0.7481064200401306,0.005468601784245534
308,5503.550310611725,128779264,0.014972436552246412,0.8831175168355306,0.9473724563916525,0.9303412834803263,0.005461886369933684,0.9954808553059896,0.9954808553059896,0.9021613001823425,0.9021613001823425,0.748576839764913,0.005619956773113121
309,5521.499269962311,128779264,0.013029228895902634,0.8799658417701721,0.9458433588345846,0.9282423853874207,0.005449563420067231,0.9960955778757731,0.9960955778757731,0.8993496497472128,0.8993496497472128,0.747918705145518,0.005636488045142455
310,5539.41313791275,128779264,0.013968152304490408,0.8844033082326254,0.9482195377349854,0.9314214984575907,0.0054682279005646706,0.9959270159403483,0.9959270159403483,0.9034616748491923,0.9034616748491923,0.7480922937393188,0.005905497141859748
311,5557.3051788806915,128779264,0.014134962111711502,0.8788244128227234,0.945216178894043,0.9274246096611023,0.005444762762635946,0.9960156679153442,0.9960156679153442,0.8984297513961792,0.8984297513961792,0.7479978998502096,0.005652671129527417
312,5575.162316560745,128779264,0.010364022105932236,0.8882250984509786,0.9510143796602885,0.9350549181302389,0.005489559223254521,0.9968441724777222,0.9968441724777222,0.9087562759717306,0.9087562759717306,0.7471428910891215,0.0054889762012118645
313,5593.02946972847,128779264,0.012993983613948027,0.8841371933619181,0.9479582111040751,0.9310473203659058,0.00546603137627244,0.996006429195404,0.996006429195404,0.9030438264211019,0.9030438264211019,0.7480025291442871,0.005464564331553199
314,5610.932795763016,128779264,0.01436166154841582,0.8833713332811991,0.9464968045552572,0.9291448990503947,0.0054548623350759344,0.9956688483556112,0.9956688483556112,0.9006067117055258,0.9006067117055258,0.7483381827672323,0.005552983504127373
315,5628.799085140228,128779264,0.012278960396846136,0.8888182044029236,0.9508503476778666,0.934890071551005,0.005488591268658638,0.9964747230211893,0.9964747230211893,0.9083038369814554,0.9083038369814554,0.7475031614303589,0.005208525848998265
316,5646.7068610191345,128779264,0.015338540698091188,0.882901112238566,0.9468338290850321,0.9296089013417562,0.005457586298386256,0.9954545497894287,0.9954545497894287,0.9010318319002787,0.9010318319002787,0.7485821843147278,0.0053807944482700395
317,5664.59942817688,128779264,0.011347084616621336,0.8910001317660013,0.9519504110018412,0.9363253911336263,0.0054970177200933295,0.9966789682706197,0.9966789682706197,0.910334587097168,0.910334587097168,0.7472744584083557,0.005307867911390283
318,5682.5028603076935,128779264,0.013872749482591947,0.8871759176254272,0.9486664533615112,0.9320081869761149,0.005471672086666028,0.9959947268168131,0.9959947268168131,0.904331644376119,0.904331644376119,0.7479928731918335,0.005352186801081354
319,5700.345472335815,128779264,0.01282514693836371,0.8800284663836161,0.9460490544637045,0.9285082221031189,0.005451124471922715,0.9963286519050598,0.9963286519050598,0.8998940189679464,0.8998940189679464,0.7476303974787394,0.005510987205938859
320,5718.200788736343,128779264,0.011951947895189127,0.886005699634552,0.9487840135892233,0.9321014881134033,0.00547221985956033,0.9964108069737753,0.9964108069737753,0.9045462807019552,0.9045462807019552,0.7475891709327698,0.005454656752673062
321,5736.1386041641235,128779264,0.014189978751043478,0.8881773749987284,0.9495562712351481,0.9332070151964823,0.005478710401803255,0.9959280292193095,0.9959280292193095,0.9058355887730917,0.9058355887730917,0.7480878432591757,0.005264793374491009
322,5754.176256418228,128779264,0.011714121326804161,0.8895983497301737,0.9504412015279134,0.9343339602152506,0.0054853265173733234,0.9965254664421082,0.9965254664421082,0.9076731403668722,0.9076731403668722,0.7474202513694763,0.0057167816822501745
323,5772.122361898422,128779264,0.01443158028026422,0.8830498059590658,0.9465755820274353,0.929231603940328,0.005455371458083391,0.9959032932917277,0.9959032932917277,0.9005653063456217,0.9005653063456217,0.7480633656183878,0.0053152403032237835
324,5790.041475772858,128779264,0.013326980173587799,0.887641449769338,0.9491358200709025,0.9326294461886088,0.00547531945630908,0.9959137042363485,0.9959137042363485,0.90534907579422,0.90534907579422,0.7480932275454203,0.005236461292952299
325,5808.033214330673,128779264,0.012838118399182955,0.8859566251436869,0.9483479857444763,0.9315448602040609,0.005468952003866434,0.9964213371276855,0.9964213371276855,0.9038203954696655,0.9038203954696655,0.747565488020579,0.005337366368621588
326,5825.972830057144,128779264,0.013274142829080423,0.8878040115038554,0.9499071637789408,0.9336465001106262,0.005481290630996227,0.9962193568547567,0.9962193568547567,0.9064900875091553,0.9064900875091553,0.7477666139602661,0.005457639101554047
327,5843.901257753372,128779264,0.014604661613702774,0.8850478728612264,0.9475271701812744,0.9305347601572672,0.005463021962592999,0.9956888556480408,0.9956888556480408,0.9023187557856241,0.9023187557856241,0.7482847372690836,0.0050299829295413065
328,5861.801664352417,128779264,0.01318074855953455,0.8888715306917826,0.9504350026448568,0.9343437353769938,0.005485383793711662,0.9961617588996887,0.9961617588996887,0.9073617657025655,0.9073617657025655,0.7478512326876322,0.005246988667005842
329,5879.661636352539,128779264,0.014226920592288176,0.8874702850977579,0.9491961598396301,0.9327326019605001,0.005475925126423438,0.9957423011461893,0.9957423011461893,0.9051782290140787,0.9051782290140787,0.7482746243476868,0.005230265267362649
330,5897.512396812439,128779264,0.014556706262131533,0.8904383977254232,0.9499979813893636,0.9338194131851196,0.005482305772602558,0.9957408507664999,0.9957408507664999,0.9066488742828369,0.9066488742828369,0.7482243180274963,0.005396049258045175
331,5915.4064564704895,128779264,0.014349202004571756,0.8871645530064901,0.9487167000770569,0.9321002960205078,0.005472212874641021,0.9957301417986552,0.9957301417986552,0.9043485522270203,0.9043485522270203,0.7482463121414185,0.005038209217177196
332,5933.262988567352,128779264,0.01493589486926794,0.8889929254849752,0.9497583508491516,0.9335015416145325,0.005480439402163029,0.9956113696098328,0.9956113696098328,0.9062224626541138,0.9062224626541138,0.7483895619710287,0.005212961315092715
333,5951.2125923633575,128779264,0.014102913749714693,0.8880044023195902,0.9492421547571818,0.9327695171038309,0.005476141658922036,0.9960761666297913,0.9960761666297913,0.9052701195081075,0.9052701195081075,0.7479004859924316,0.005141227125105533
334,5969.179644823074,128779264,0.011225611592332521,0.8875725666681925,0.9497864246368408,0.9334208567937216,0.005479965514192979,0.9967600703239441,0.9967600703239441,0.9065222144126892,0.9065222144126892,0.747221052646637,0.005248703612861308
335,5987.074511528015,128779264,0.014832127218445143,0.8811518947283427,0.9446627298990885,0.9266834259033203,0.005440411468346913,0.9960540135701498,0.9960540135701498,0.897451380888621,0.897451380888621,0.7478540539741516,0.005075577201999046
336,6004.9141137599945,128779264,0.01387596627076467,0.8878779808680216,0.9495566884676615,0.9331937432289124,0.005478632636368275,0.9959847132364908,0.9959847132364908,0.9058125615119934,0.9058125615119934,0.7480196555455526,0.005311309910294684
337,6022.714754581451,128779264,0.015343774730960527,0.8870481053988138,0.9474461078643799,0.9304302533467611,0.005462408531457186,0.995474616686503,0.995474616686503,0.902230699857076,0.902230699857076,0.7484626770019531,0.004876677878201008
338,6040.511738777161,128779264,0.013005981221795082,0.8837883869806925,0.9472212394078573,0.9300462007522583,0.005460153644283612,0.9964036544164022,0.9964036544164022,0.9018871982892355,0.9018871982892355,0.7475417057673136,0.005252134457061236
339,6058.309729814529,128779264,0.012005955601731936,0.891061802705129,0.9508787790934244,0.9349173108736674,0.0054887509904801846,0.9965967138608297,0.9965967138608297,0.908438245455424,0.908438245455424,0.7473516662915548,0.005437410351904956
340,6076.137542963028,128779264,0.014788700267672539,0.8829642335573832,0.9457211891810099,0.9281048576037089,0.0054487562738358974,0.9958884914716085,0.9958884914716085,0.8991745909055074,0.8991745909055074,0.7480416695276896,0.005181519864973697
341,6094.001484155655,128779264,0.011617875968416532,0.8850221435228983,0.9481918215751648,0.9313238660494486,0.005467654671519995,0.9965670108795166,0.9965670108795166,0.9035015106201172,0.9035015106201172,0.7473739385604858,0.0051397922533479605
342,6111.9688630104065,128779264,0.011332964214185873,0.893324057261149,0.9520983298619589,0.9365070859591166,0.0054980845501025515,0.9967703024546305,0.9967703024546305,0.9104833404223124,0.9104833404223124,0.747145414352417,0.005169635384597562
343,6129.90526843071,128779264,0.014788742177188396,0.8836607138315836,0.9466657837231954,0.929380456606547,0.005456245504319668,0.9956784645716349,0.9956784645716349,0.900941809018453,0.900941809018453,0.7482931017875671,0.005633767821233381
344,6147.826724767685,128779264,0.012747126010557016,0.8762288093566895,0.9422328472137451,0.9233802159627279,0.005421018848816554,0.9962770938873291,0.9962770938873291,0.8933618466059366,0.8933618466059366,0.747651199499766,0.005600866649977185
345,6165.706661462784,128779264,0.012344728223979473,0.885032852490743,0.94852081934611,0.9318021734555563,0.00547046260908246,0.9963005185127258,0.9963005185127258,0.9041945338249207,0.9041945338249207,0.7476859291394552,0.0053207445043054495
346,6183.57239818573,128779264,0.01415476854890585,0.8792052666346232,0.9438462257385254,0.925574799378713,0.005433902765313785,0.9960935910542806,0.9960935910542806,0.8959827224413554,0.8959827224413554,0.7478521267573038,0.00531371801414273
347,6201.528704166412,128779264,0.012653366352121035,0.884625772635142,0.9480736454327902,0.9311953186988831,0.005466899834573269,0.9963111678759257,0.9963111678759257,0.9032362302144369,0.9032362302144369,0.7476324439048767,0.005270986394448714
348,6219.4728417396545,128779264,0.012336591879526774,0.8917500376701355,0.9517137010892233,0.9360487461090088,0.0054953936487436295,0.9962857762972513,0.9962857762972513,0.909821093082428,0.909821093082428,0.7477044661839803,0.005424723664129322
349,6237.3810958862305,128779264,0.012927132658660412,0.8906658093134562,0.9494880239168803,0.933086891969045,0.005478005080173413,0.9963150223096212,0.9963150223096212,0.9059868256251017,0.9059868256251017,0.7476004362106323,0.005244659217582507
350,6255.248528718948,128779264,0.012408616331716379,0.8804307381312052,0.9450679222742716,0.9271788795789083,0.0054433199887474375,0.996378223101298,0.996378223101298,0.897924542427063,0.897924542427063,0.7475341359774271,0.004886562978340821
351,6273.1258363723755,128779264,0.01539877491692702,0.8870415488878886,0.9485677282015482,0.9319204489390055,0.0054711573757231236,0.995507001876831,0.995507001876831,0.9041065176328024,0.9041065176328024,0.748513400554657,0.005667521491308104
352,6291.077536344528,128779264,0.013497607472042242,0.8823018272717794,0.9460329413414001,0.9284685850143433,0.005450891486058633,0.995908240477244,0.995908240477244,0.8997471531232198,0.8997471531232198,0.7480522592862447,0.005126795858483423
353,6309.011766672134,128779264,0.012672647523383299,0.886308471361796,0.9481269518534342,0.9312512675921122,0.005467228436221679,0.9963435331980387,0.9963435331980387,0.903337299823761,0.903337299823761,0.7475970586140951,0.005018860525028272
354,6326.89563536644,128779264,0.01206406174848477,0.8936912616093954,0.952341616153717,0.9368940989176432,0.005500356666743755,0.9963806668917338,0.9963806668917338,0.9108891089757284,0.9108891089757284,0.7475711107254028,0.0049553762444040994
355,6344.82575917244,128779264,0.012505242911477884,0.8889577984809875,0.9500554203987122,0.9338213801383972,0.0054823172589143114,0.9964521328608195,0.9964521328608195,0.9067157506942749,0.9067157506942749,0.747495174407959,0.004841414280235767
356,6362.75554561615,128779264,0.028036583835879963,0.8532011906305949,0.9316994945208231,0.9097607930501302,0.005341061390936375,0.9936526020367941,0.9936526020367941,0.874968151251475,0.874968151251475,0.7504599293073019,0.005805501164021817
357,6380.610774517059,128779264,0.1285023887952169,0.5745080908139547,0.7612549463907877,0.6879860560099283,0.004039056831970811,0.9608655770619711,0.9608655770619711,0.6393210887908936,0.6393210887908936,0.788468062877655,0.010668128051541069
358,6398.469047546387,128779264,0.752415935198466,0.38879801829655963,0.536833922068278,0.4139987925688426,0.002430521339798967,0.8313137491544088,0.8313137491544088,0.4166262050469716,0.4166262050469716,0.9151871005694071,0.020079509016465057
359,6416.418509960175,128779264,0.060798510909080505,0.6525840957959493,0.8069192965825399,0.7446190714836121,0.004371540620923042,0.9817977547645569,0.9817977547645569,0.6954109271367391,0.6954109271367391,0.7637146313985189,0.019623494961045006
360,6434.347243785858,128779264,0.07176618278026581,0.6408126950263977,0.8144052624702454,0.7557539145151774,0.004436911238978307,0.9783680240313212,0.9783680240313212,0.7026082873344421,0.7026082873344421,0.7701225876808167,0.01950715126639063
361,6452.211792469025,128779264,0.0652611255645752,0.6341172258059183,0.8349537452061971,0.7835002541542053,0.0045998057660957175,0.9778120517730713,0.9778120517730713,0.7294019261995951,0.7294019261995951,0.773661216100057,0.016156392256644638
362,6470.056368112564,128779264,0.013332514402767023,0.8501240611076355,0.9355011185010275,0.914553721745809,0.00536919975032409,0.9951459566752116,0.9951459566752116,0.8819723725318909,0.8819723725318909,0.7491708199183146,0.012735869058153847
363,6487.918635368347,128779264,0.0194144311050574,0.8308566411336263,0.9251100420951843,0.9009478886922201,0.005289322230964899,0.9940807422002157,0.9940807422002157,0.8649208744366964,0.8649208744366964,0.7503152092297872,0.009938902052288706
364,6505.849095821381,128779264,0.012387404218316078,0.8507729570070902,0.9386530717213949,0.9187189340591431,0.005393653021504481,0.9958239595095316,0.9958239595095316,0.8871193726857504,0.8871193726857504,0.7485335469245911,0.009126415730200031
365,6523.738382816315,128779264,0.013648847118020058,0.8532198866208395,0.9370715220769247,0.9166433811187744,0.005381467752158642,0.995270828406016,0.995270828406016,0.8845512668291727,0.8845512668291727,0.7490046620368958,0.008009183178232475
366,6541.716895341873,128779264,0.011160665812591711,0.8715639313062032,0.9480207562446594,0.9311491052309672,0.005466628509263198,0.9962791800498962,0.9962791800498962,0.9032094478607178,0.9032094478607178,0.7480660875638326,0.007946290456774559
367,6559.656172990799,128779264,0.013701097729305426,0.8694865902264913,0.9434743324915568,0.9251415530840555,0.005431359012921651,0.9952531456947327,0.9952531456947327,0.89549454053243,0.89549454053243,0.7489900986353556,0.007386428727345033
368,6577.56707406044,128779264,0.012155755112568537,0.8809667825698853,0.9500076373418173,0.9338222543398539,0.005482322225968043,0.9958925843238831,0.9958925843238831,0.9066086610158285,0.9066086610158285,0.7483125527699789,0.007116729181937196
369,6595.526319265366,128779264,0.011711974628269672,0.8775539398193359,0.9492414196332296,0.932783861955007,0.005476226254055898,0.9959925413131714,0.9959925413131714,0.9053609768549601,0.9053609768549601,0.7482742667198181,0.00689709766513922
370,6613.421699047089,128779264,0.01420835933337609,0.8739023605982462,0.9449505607287089,0.9271395007769266,0.005443089020748933,0.9955205917358398,0.9955205917358398,0.8977678219477335,0.8977678219477335,0.748604953289032,0.006851819597861983
371,6631.331292629242,128779264,0.01064604086180528,0.8854030172030131,0.9505740801493326,0.9345031976699829,0.005486320083340009,0.9963561693827311,0.9963561693827311,0.9078885316848755,0.9078885316848755,0.7477388580640157,0.006613241339271719
372,6649.3445909023285,128779264,0.01029220720132192,0.8741391698519388,0.9454404711723328,0.9276512463887533,0.0054460931569337845,0.9966679215431213,0.9966679215431213,0.898687998453776,0.898687998453776,0.74735955397288,0.007056048647923903
373,6667.282381296158,128779264,0.023331205050150555,0.8302769859631857,0.9229775071144104,0.8981035947799683,0.0052726239276429014,0.9939029216766357,0.9939029216766357,0.8615179657936096,0.8615179657936096,0.7503800590833029,0.00740329980511557
374,6685.238411903381,128779264,0.013465873276193937,0.8684350848197937,0.9433249235153198,0.9249154527982076,0.005430031723032395,0.9956238468488058,0.9956238468488058,0.8949315746625265,0.8949315746625265,0.7486187616984049,0.007412185723131353
375,6703.183382034302,128779264,0.015186098093787829,0.8651653329531351,0.9404171109199524,0.9211124181747437,0.005407704971730709,0.9952896237373352,0.9952896237373352,0.8899041414260864,0.8899041414260864,0.7488712072372437,0.007326910568570549
376,6721.150010347366,128779264,0.013163495187958082,0.8722224831581116,0.9450638095537821,0.9272448221842448,0.005443707263718049,0.9957533677419027,0.9957533677419027,0.8978979587554932,0.8978979587554932,0.748416801293691,0.0070712576112286615
377,6739.204434156418,128779264,0.009868517828484377,0.8797653317451477,0.9478062788645426,0.9307829538981119,0.005464478861540556,0.996891438961029,0.996891438961029,0.9026984969774882,0.9026984969774882,0.7470938960711161,0.006050022869286212
378,6757.175934314728,128779264,0.01128812444706758,0.8837322394053141,0.9493932723999023,0.9329386750857035,0.005477135069668293,0.9963980714480082,0.9963980714480082,0.9055770635604858,0.9055770635604858,0.7476298213005066,0.005787106992846186
379,6775.126289844513,128779264,0.01314393182595571,0.8834111094474792,0.9487332304318746,0.9321148991584778,0.005472298866758744,0.9958867232004801,0.9958867232004801,0.9044903516769409,0.9044903516769409,0.7481935421625773,0.006016332275149497
380,6793.08486199379,128779264,0.010239288521309694,0.8895578583081564,0.952375332514445,0.9368773698806763,0.005500258412212133,0.9967710375785828,0.9967710375785828,0.9108656644821167,0.9108656644821167,0.7472412983576456,0.00580964952876622
381,6811.03510093689,128779264,0.012890435134371122,0.8854031562805176,0.9492310881614685,0.9327770670255026,0.005476186207185189,0.9959158897399902,0.9959158897399902,0.9052353898684183,0.9052353898684183,0.748119076093038,0.005932376254349947
382,6829.032725811005,128779264,0.013885744226475557,0.8834611376126608,0.947512686252594,0.9304816921552023,0.005462710279971361,0.9959444204966227,0.9959444204966227,0.9022879203160604,0.9022879203160604,0.7480671207110087,0.0058535303158516235
383,6846.975841999054,128779264,0.013247564435005188,0.8825845321019491,0.9472259084383646,0.9300917983055115,0.005460421244303386,0.9959569374720255,0.9959569374720255,0.9018042882283529,0.9018042882283529,0.748047669728597,0.006035165437920527
384,6864.912863254547,128779264,0.013349672158559164,0.8890799681345621,0.9502943952878317,0.9341778556505839,0.005484410095959902,0.9960155089696249,0.9960155089696249,0.90714563926061,0.90714563926061,0.7479977011680603,0.005623092493889007
385,6882.820116043091,128779264,0.011939462895194689,0.8847271203994751,0.9485555291175842,0.9318086306254069,0.00547050063808759,0.9964114427566528,0.9964114427566528,0.9041711688041687,0.9041711688041687,0.7475773493448893,0.005778465420007706
386,6900.761355161667,128779264,0.013530268333852291,0.8861344257990519,0.9480445583661398,0.931172768274943,0.0054667675867676735,0.9961535334587097,0.9961535334587097,0.9032924175262451,0.9032924175262451,0.7477842768033346,0.005610607649114999
387,6918.684083223343,128779264,0.013781203888356686,0.8878813982009888,0.9496842622756958,0.9333881934483846,0.005479773972183466,0.9959403077761332,0.9959403077761332,0.9061873952547709,0.9061873952547709,0.7480577627817789,0.005553804634308273
388,6936.596738576889,128779264,0.012486012962957224,0.8826056122779846,0.9461089173952738,0.9285797476768494,0.005451544343183438,0.9962461789449056,0.9962461789449056,0.900110125541687,0.900110125541687,0.7477059165636698,0.00603731700473211
389,6954.516511440277,128779264,0.012256284865240255,0.894321858882904,0.9533080458641052,0.9381792545318604,0.005507901466141145,0.9963063597679138,0.9963063597679138,0.9125014742215475,0.9125014742215475,0.7476693193117777,0.00574849969284101
390,6972.417330026627,128779264,0.011747074934343496,0.8937411705652872,0.9529103636741638,0.9376205007235209,0.005504620882372062,0.9964736700057983,0.9964736700057983,0.9118392864863077,0.9118392864863077,0.7475111881891886,0.00555856813761321
391,6990.295911550522,128779264,0.013981427066028118,0.8888089458147684,0.949872891108195,0.9336278438568115,0.005481180890152852,0.9958791335423788,0.9958791335423788,0.9064659078915914,0.9064659078915914,0.7481420040130615,0.005198130765083161
392,7008.198729515076,128779264,0.01223335104684035,0.8902423977851868,0.9510583678881327,0.9351561268170675,0.0054901532518366975,0.9965129693349203,0.9965129693349203,0.9087818463643392,0.9087818463643392,0.7474563717842102,0.005405999000438235
393,7026.043776512146,128779264,0.013718162973721823,0.8828630050023397,0.9468275109926859,0.9295536677042643,0.005457261887689431,0.9961409370104471,0.9961409370104471,0.9009916385014852,0.9009916385014852,0.7478402058283488,0.005351034776222977
394,7043.855323553085,128779264,0.013658877772589525,0.888663093249003,0.9498754541079203,0.9336139957110087,0.0054810998650888605,0.9961381157239279,0.9961381157239279,0.9064663648605347,0.9064663648605347,0.7478453914324442,0.005224518350918184
395,7061.786159515381,128779264,0.015871192639072735,0.8841313123703003,0.9465457399686178,0.929249902566274,0.005455478715399901,0.995254635810852,0.995254635810852,0.9006764888763428,0.9006764888763428,0.7487389842669169,0.00524555379524827
396,7079.605320215225,128779264,0.013145744490126768,0.891245444615682,0.9505823453267416,0.9345451792081197,0.005486566262940566,0.9960830410321554,0.9960830410321554,0.9077304800351461,0.9077304800351461,0.7478817105293274,0.005192358808761293
397,7097.457984685898,128779264,0.012482974988718828,0.8841066559155782,0.9469502766927084,0.9296908775965372,0.005458067326496045,0.9963710109392802,0.9963710109392802,0.9013278086980184,0.9013278086980184,0.7475316127141317,0.005166430237957023
398,7115.3336000442505,128779264,0.014607655815780163,0.8901277184486389,0.9502121408780416,0.9341012636820475,0.005483960422376792,0.9957138697306315,0.9957138697306315,0.9070460597674052,0.9070460597674052,0.7482825517654419,0.0051824272694912825
399,7133.191488265991,128779264,0.013277595862746239,0.8887864748636881,0.9493928949038187,0.9329648415247599,0.005477288427452247,0.9960756103197733,0.9960756103197733,0.9055557648340861,0.9055557648340861,0.7478800217310587,0.00526416263627735
400,7151.025887012482,128779264,0.014520956203341484,0.8882327874501547,0.9484481612841288,0.9317479133605957,0.0054701439415415125,0.9958310127258301,0.9958310127258301,0.9039606849352518,0.9039606849352518,0.7480961680412292,0.004858796315437014
